INFO: kbplacer_plugin_action.py:73: Plugin version: 0.16
INFO: kbplacer_plugin_action.py:74: Python version: '3.11.5 (main, Jan 23 2026, 07:39:48) [MSC v.1944 64 bit (AMD64)]'
INFO: kbplacer_plugin_action.py:75: KiCad version: 10.0.1 with 4.2.2 msw (phoenix) wxWidgets 3.3.2
INFO: kbplacer_dialog.py:695: Language: zh_CN
INFO: kbplacer_plugin_action.py:83: GUI state: {"layout_path": "C:\\Users\\user\\Downloads\\keyboard-layout.json", "key_distance": [19.05, 19.05], "key_info": {"annotation_format": "SW{}", "position_option": "Default", "position": {"x": 0.0, "y": 0.0, "orientation": 0.0, "side": "Front"}, "template_path": "", "start_index": 1}, "enable_diode_placement": true, "route_switches_with_diodes": true, "optimize_diodes_orientation": false, "diode_info": {"annotation_format": "D{}", "position_option": "Default", "position": {"x": 5.08, "y": 4.0, "orientation": 90.0, "side": "Back"}, "template_path": "", "start_index": -1}, "additional_elements": [{"annotation_format": "ST{}", "position_option": "Custom", "position": {"x": 0.0, "y": 0.0, "orientation": 0.0, "side": "Front"}, "template_path": "", "start_index": -1}], "route_rows_and_columns": true, "template_path": "", "generate_outline": false, "outline_delta": 0.0, "layout_offset": null}
DEBUG: key_placer.py:143: Switches by nets: defaultdict(<class 'list'>, {frozenset({'Y5', 'X9'}): ['SW77'], frozenset({'Y5', 'X8'}): ['SW76'], frozenset({'X7', 'Y5'}): ['SW75'], frozenset({'X6', 'Y5'}): ['SW74'], frozenset({'X5', 'Y5'}): ['SW73'], frozenset({'Y5', 'X4'}): ['SW72'], frozenset({'X3', 'Y5'}): ['SW71'], frozenset({'X2', 'Y5'}): ['SW70'], frozenset({'Y5', 'X1'}): ['SW69'], frozenset({'Y5', 'X0'}): ['SW68'], frozenset({'Y4', 'X11'}): ['SW67'], frozenset({'X10', 'Y4'}): ['SW66'], frozenset({'Y4', 'X9'}): ['SW65'], frozenset({'Y4', 'X8'}): ['SW64'], frozenset({'X7', 'Y4'}): ['SW63'], frozenset({'X6', 'Y4'}): ['SW62'], frozenset({'X5', 'Y4'}): ['SW61'], frozenset({'Y4', 'X4'}): ['SW60'], frozenset({'X3', 'Y4'}): ['SW59'], frozenset({'X2', 'Y4'}): ['SW58'], frozenset({'Y4', 'X1'}): ['SW57'], frozenset({'Y4', 'X0'}): ['SW56'], frozenset({'Y3', 'X12'}): ['SW55'], frozenset({'Y3', 'X11'}): ['SW54'], frozenset({'Y3', 'X10'}): ['SW53'], frozenset({'Y3', 'X9'}): ['SW52'], frozenset({'Y3', 'X8'}): ['SW51'], frozenset({'Y3', 'X7'}): ['SW50'], frozenset({'Y3', 'X6'}): ['SW49'], frozenset({'Y3', 'X5'}): ['SW48'], frozenset({'Y3', 'X4'}): ['SW47'], frozenset({'Y3', 'X3'}): ['SW46'], frozenset({'Y3', 'X2'}): ['SW45'], frozenset({'Y3', 'X1'}): ['SW44'], frozenset({'Y3', 'X0'}): ['SW43'], frozenset({'X13', 'Y2'}): ['SW42'], frozenset({'Y2', 'X12'}): ['SW41'], frozenset({'Y2', 'X11'}): ['SW40'], frozenset({'X10', 'Y2'}): ['SW39'], frozenset({'X9', 'Y2'}): ['SW38'], frozenset({'Y2', 'X8'}): ['SW37'], frozenset({'X7', 'Y2'}): ['SW36'], frozenset({'X6', 'Y2'}): ['SW35'], frozenset({'X5', 'Y2'}): ['SW34'], frozenset({'Y2', 'X4'}): ['SW33'], frozenset({'X3', 'Y2'}): ['SW32'], frozenset({'X2', 'Y2'}): ['SW31'], frozenset({'Y2', 'X1'}): ['SW30'], frozenset({'X0', 'Y2'}): ['SW29'], frozenset({'Y1', 'X13'}): ['SW28'], frozenset({'Y1', 'X12'}): ['SW27'], frozenset({'Y1', 'X11'}): ['SW26'], frozenset({'X10', 'Y1'}): ['SW25'], frozenset({'Y1', 'X9'}): ['SW24'], frozenset({'Y1', 'X8'}): ['SW23'], frozenset({'X7', 'Y1'}): ['SW22'], frozenset({'X6', 'Y1'}): ['SW21'], frozenset({'X5', 'Y1'}): ['SW20'], frozenset({'Y1', 'X4'}): ['SW19'], frozenset({'X3', 'Y1'}): ['SW18'], frozenset({'X2', 'Y1'}): ['SW17'], frozenset({'Y1', 'X1'}): ['SW16'], frozenset({'Y1', 'X0'}): ['SW15'], frozenset({'Y0', 'X13'}): ['SW14'], frozenset({'Y0', 'X12'}): ['SW13'], frozenset({'Y0', 'X11'}): ['SW12'], frozenset({'Y0', 'X10'}): ['SW11'], frozenset({'Y0', 'X9'}): ['SW10'], frozenset({'Y0', 'X8'}): ['SW9'], frozenset({'X7', 'Y0'}): ['SW8'], frozenset({'Y0', 'X6'}): ['SW7'], frozenset({'X5', 'Y0'}): ['SW6'], frozenset({'Y0', 'X4'}): ['SW5'], frozenset({'X3', 'Y0'}): ['SW4'], frozenset({'X2', 'Y0'}): ['SW3'], frozenset({'Y0', 'X1'}): ['SW2'], frozenset({'Y0', 'X0'}): ['SW1']})
DEBUG: key_placer.py:147: Diodes by switch: {'SW77': ['D77'], 'SW76': ['D76'], 'SW75': ['D75'], 'SW74': ['D74'], 'SW73': ['D73'], 'SW72': ['D72'], 'SW71': ['D71'], 'SW70': ['D70'], 'SW69': ['D69'], 'SW68': ['D68'], 'SW67': ['D67'], 'SW66': ['D66'], 'SW65': ['D65'], 'SW64': ['D64'], 'SW63': ['D63'], 'SW62': ['D62'], 'SW61': ['D61'], 'SW60': ['D60'], 'SW59': ['D59'], 'SW58': ['D58'], 'SW57': ['D57'], 'SW56': ['D56'], 'SW55': ['D55'], 'SW54': ['D54'], 'SW53': ['D53'], 'SW52': ['D52'], 'SW51': ['D51'], 'SW50': ['D50'], 'SW49': ['D49'], 'SW48': ['D48'], 'SW47': ['D47'], 'SW46': ['D46'], 'SW45': ['D45'], 'SW44': ['D44'], 'SW43': ['D43'], 'SW42': ['D42'], 'SW41': ['D41'], 'SW40': ['D40'], 'SW39': ['D39'], 'SW38': ['D38'], 'SW37': ['D37'], 'SW36': ['D36'], 'SW35': ['D35'], 'SW34': ['D34'], 'SW33': ['D33'], 'SW32': ['D32'], 'SW31': ['D31'], 'SW30': ['D30'], 'SW29': ['D29'], 'SW28': ['D28'], 'SW27': ['D27'], 'SW26': ['D26'], 'SW25': ['D25'], 'SW24': ['D24'], 'SW23': ['D23'], 'SW22': ['D22'], 'SW21': ['D21'], 'SW20': ['D20'], 'SW19': ['D19'], 'SW18': ['D18'], 'SW17': ['D17'], 'SW16': ['D16'], 'SW15': ['D15'], 'SW14': ['D14'], 'SW13': ['D13'], 'SW12': ['D12'], 'SW11': ['D11'], 'SW10': ['D10'], 'SW9': ['D9'], 'SW8': ['D8'], 'SW7': ['D7'], 'SW6': ['D6'], 'SW5': ['D5'], 'SW4': ['D4'], 'SW3': ['D3'], 'SW2': ['D2'], 'SW1': ['D1']}
INFO: kle_serial.py:1031: User layout: [[{'a': 6}, 'Esc', 'F1', 'F2', 'F3', 'F4', 'F5', 'F6', 'F7', 'F8', 'F9', 'F10', 'F11', 'F12', {'x': 1, 'a': 5}, 'Delete\nInsert'], [{'a': 4}, '~\n`', '!\n1', '@\n2', '#\n3', '$\n4', '%\n5', '^\n6', '&\n7', '*\n8', '(\n9', ')\n0', '_\n-', '+\n=', {'a': 6, 'w': 2}, 'Backspace'], [{'a': 4, 'w': 1.5}, 'Tab', 'Q', 'W', 'E', 'R', 'T', 'Y', 'U', 'I', 'O', 'P', '{\n[', '}\n]', {'w': 1.5}, '|\n\\'], [{'w': 1.75}, 'Caps Lock', 'A', 'S', 'D', 'F', 'G', 'H', 'J', 'K', 'L', ':\n;', '"\n\'', {'a': 6, 'w': 2.25}, 'Enter'], [{'w': 2.25}, 'Shift', {'a': 4}, 'Z', 'X', 'C', 'V', 'B', 'N', 'M', '<\n,', '>\n.', '?\n/', {'x': 0.75, 'a': 7}, '↑'], [{'a': 6, 'w': 1.25}, 'Ctrl', 'Fn', {'w': 1.25}, 'Win', {'w': 1.25}, 'Alt', {'a': 7, 'w': 5.25}, '', {'a': 6}, 'Alt', 'Ctrl', {'a': 7}, '←', '↓', '→']]
DEBUG: key_placer.py:755: Using key 1U distance: (19.05, 19.05) mm
DEBUG: key_placer.py:773: Layout offset: (28575000, 28575000)
DEBUG: kle_serial.py:1125: Layout with: x_ortholinear_keys=38, y_ortholinear_keys=77, rotated_keys=0, encoders=0, iso_enters=0 and unrecognized_shape_keys=0
DEBUG: kle_serial.py:1150: Layout tagged: [<KeyboardTag.ROW_STAGGERED: 2>]
DEBUG: board_modifier.py:119: Setting SW1 footprint position: (38100000, 38100000)
DEBUG: board_modifier.py:119: Setting SW2 footprint position: (57150000, 38100000)
DEBUG: board_modifier.py:119: Setting SW3 footprint position: (76200000, 38100000)
DEBUG: board_modifier.py:119: Setting SW4 footprint position: (95250000, 38100000)
DEBUG: board_modifier.py:119: Setting SW5 footprint position: (114300000, 38100000)
DEBUG: board_modifier.py:119: Setting SW6 footprint position: (133350000, 38100000)
DEBUG: board_modifier.py:119: Setting SW7 footprint position: (152400000, 38100000)
DEBUG: board_modifier.py:119: Setting SW8 footprint position: (171450000, 38100000)
DEBUG: board_modifier.py:119: Setting SW9 footprint position: (190500000, 38100000)
DEBUG: board_modifier.py:119: Setting SW10 footprint position: (209550000, 38100000)
DEBUG: board_modifier.py:119: Setting SW11 footprint position: (228600000, 38100000)
DEBUG: board_modifier.py:119: Setting SW12 footprint position: (247650000, 38100000)
DEBUG: board_modifier.py:119: Setting SW13 footprint position: (266700000, 38100000)
DEBUG: board_modifier.py:119: Setting SW14 footprint position: (304800000, 38100000)
DEBUG: board_modifier.py:119: Setting SW15 footprint position: (38100000, 57150000)
DEBUG: board_modifier.py:119: Setting SW16 footprint position: (57150000, 57150000)
DEBUG: board_modifier.py:119: Setting SW17 footprint position: (76200000, 57150000)
DEBUG: board_modifier.py:119: Setting SW18 footprint position: (95250000, 57150000)
DEBUG: board_modifier.py:119: Setting SW19 footprint position: (114300000, 57150000)
DEBUG: board_modifier.py:119: Setting SW20 footprint position: (133350000, 57150000)
DEBUG: board_modifier.py:119: Setting SW21 footprint position: (152400000, 57150000)
DEBUG: board_modifier.py:119: Setting SW22 footprint position: (171450000, 57150000)
DEBUG: board_modifier.py:119: Setting SW23 footprint position: (190500000, 57150000)
DEBUG: board_modifier.py:119: Setting SW24 footprint position: (209550000, 57150000)
DEBUG: board_modifier.py:119: Setting SW25 footprint position: (228600000, 57150000)
DEBUG: board_modifier.py:119: Setting SW26 footprint position: (247650000, 57150000)
DEBUG: board_modifier.py:119: Setting SW27 footprint position: (266700000, 57150000)
DEBUG: board_modifier.py:119: Setting SW28 footprint position: (295275000, 57150000)
DEBUG: board_modifier.py:119: Setting SW29 footprint position: (42862500, 76200000)
DEBUG: board_modifier.py:119: Setting SW30 footprint position: (66675000, 76200000)
DEBUG: board_modifier.py:119: Setting SW31 footprint position: (85725000, 76200000)
DEBUG: board_modifier.py:119: Setting SW32 footprint position: (104775000, 76200000)
DEBUG: board_modifier.py:119: Setting SW33 footprint position: (123825000, 76200000)
DEBUG: board_modifier.py:119: Setting SW34 footprint position: (142875000, 76200000)
DEBUG: board_modifier.py:119: Setting SW35 footprint position: (161925000, 76200000)
DEBUG: board_modifier.py:119: Setting SW36 footprint position: (180975000, 76200000)
DEBUG: board_modifier.py:119: Setting SW37 footprint position: (200025000, 76200000)
DEBUG: board_modifier.py:119: Setting SW38 footprint position: (219075000, 76200000)
DEBUG: board_modifier.py:119: Setting SW39 footprint position: (238125000, 76200000)
DEBUG: board_modifier.py:119: Setting SW40 footprint position: (257175000, 76200000)
DEBUG: board_modifier.py:119: Setting SW41 footprint position: (276225000, 76200000)
DEBUG: board_modifier.py:119: Setting SW42 footprint position: (300037500, 76200000)
DEBUG: board_modifier.py:119: Setting SW43 footprint position: (45243750, 95250000)
DEBUG: board_modifier.py:119: Setting SW44 footprint position: (71437500, 95250000)
DEBUG: board_modifier.py:119: Setting SW45 footprint position: (90487500, 95250000)
DEBUG: board_modifier.py:119: Setting SW46 footprint position: (109537500, 95250000)
DEBUG: board_modifier.py:119: Setting SW47 footprint position: (128587500, 95250000)
DEBUG: board_modifier.py:119: Setting SW48 footprint position: (147637500, 95250000)
DEBUG: board_modifier.py:119: Setting SW49 footprint position: (166687500, 95250000)
DEBUG: board_modifier.py:119: Setting SW50 footprint position: (185737500, 95250000)
DEBUG: board_modifier.py:119: Setting SW51 footprint position: (204787500, 95250000)
DEBUG: board_modifier.py:119: Setting SW52 footprint position: (223837500, 95250000)
DEBUG: board_modifier.py:119: Setting SW53 footprint position: (242887500, 95250000)
DEBUG: board_modifier.py:119: Setting SW54 footprint position: (261937500, 95250000)
DEBUG: board_modifier.py:119: Setting SW55 footprint position: (292893750, 95250000)
DEBUG: board_modifier.py:119: Setting SW56 footprint position: (50006250, 114300000)
DEBUG: board_modifier.py:119: Setting SW57 footprint position: (80962500, 114300000)
DEBUG: board_modifier.py:119: Setting SW58 footprint position: (100012500, 114300000)
DEBUG: board_modifier.py:119: Setting SW59 footprint position: (119062500, 114300000)
DEBUG: board_modifier.py:119: Setting SW60 footprint position: (138112500, 114300000)
DEBUG: board_modifier.py:119: Setting SW61 footprint position: (157162500, 114300000)
DEBUG: board_modifier.py:119: Setting SW62 footprint position: (176212500, 114300000)
DEBUG: board_modifier.py:119: Setting SW63 footprint position: (195262500, 114300000)
DEBUG: board_modifier.py:119: Setting SW64 footprint position: (214312500, 114300000)
DEBUG: board_modifier.py:119: Setting SW65 footprint position: (233362500, 114300000)
DEBUG: board_modifier.py:119: Setting SW66 footprint position: (252412500, 114300000)
DEBUG: board_modifier.py:119: Setting SW67 footprint position: (285750000, 114300000)
DEBUG: board_modifier.py:119: Setting SW68 footprint position: (40481250, 133350000)
DEBUG: board_modifier.py:119: Setting SW69 footprint position: (61912500, 133350000)
DEBUG: board_modifier.py:119: Setting SW70 footprint position: (83343750, 133350000)
DEBUG: board_modifier.py:119: Setting SW71 footprint position: (107156250, 133350000)
DEBUG: board_modifier.py:119: Setting SW72 footprint position: (169068750, 133350000)
DEBUG: board_modifier.py:119: Setting SW73 footprint position: (228600000, 133350000)
DEBUG: board_modifier.py:119: Setting SW74 footprint position: (247650000, 133350000)
DEBUG: board_modifier.py:119: Setting SW75 footprint position: (266700000, 133350000)
DEBUG: board_modifier.py:119: Setting SW76 footprint position: (285750000, 133350000)
DEBUG: board_modifier.py:119: Setting SW77 footprint position: (304800000, 133350000)
INFO: key_placer.py:1173: Diode info: [ElementInfo(annotation_format='D{}', position_option=<PositionOption.DEFAULT: 'Default'>, position=ElementPosition(x=5.08, y=4.0, orientation=90.0, side=<Side.BACK: 'Back'>), template_path='', start_index=-1)]
DEBUG: board_modifier.py:132: Getting SW1 footprint position: (38100000, 38100000)
DEBUG: board_modifier.py:119: Setting D1 footprint position: (43180000, 42100000)
DEBUG: board_modifier.py:132: Getting SW2 footprint position: (57150000, 38100000)
DEBUG: board_modifier.py:119: Setting D2 footprint position: (62230000, 42100000)
DEBUG: board_modifier.py:132: Getting SW3 footprint position: (76200000, 38100000)
DEBUG: board_modifier.py:119: Setting D3 footprint position: (81280000, 42100000)
DEBUG: board_modifier.py:132: Getting SW4 footprint position: (95250000, 38100000)
DEBUG: board_modifier.py:119: Setting D4 footprint position: (100330000, 42100000)
DEBUG: board_modifier.py:132: Getting SW5 footprint position: (114300000, 38100000)
DEBUG: board_modifier.py:119: Setting D5 footprint position: (119380000, 42100000)
DEBUG: board_modifier.py:132: Getting SW6 footprint position: (133350000, 38100000)
DEBUG: board_modifier.py:119: Setting D6 footprint position: (138430000, 42100000)
DEBUG: board_modifier.py:132: Getting SW7 footprint position: (152400000, 38100000)
DEBUG: board_modifier.py:119: Setting D7 footprint position: (157480000, 42100000)
DEBUG: board_modifier.py:132: Getting SW8 footprint position: (171450000, 38100000)
DEBUG: board_modifier.py:119: Setting D8 footprint position: (176530000, 42100000)
DEBUG: board_modifier.py:132: Getting SW9 footprint position: (190500000, 38100000)
DEBUG: board_modifier.py:119: Setting D9 footprint position: (195580000, 42100000)
DEBUG: board_modifier.py:132: Getting SW10 footprint position: (209550000, 38100000)
DEBUG: board_modifier.py:119: Setting D10 footprint position: (214630000, 42100000)
DEBUG: board_modifier.py:132: Getting SW11 footprint position: (228600000, 38100000)
DEBUG: board_modifier.py:119: Setting D11 footprint position: (233680000, 42100000)
DEBUG: board_modifier.py:132: Getting SW12 footprint position: (247650000, 38100000)
DEBUG: board_modifier.py:119: Setting D12 footprint position: (252730000, 42100000)
DEBUG: board_modifier.py:132: Getting SW13 footprint position: (266700000, 38100000)
DEBUG: board_modifier.py:119: Setting D13 footprint position: (271780000, 42100000)
DEBUG: board_modifier.py:132: Getting SW14 footprint position: (304800000, 38100000)
DEBUG: board_modifier.py:119: Setting D14 footprint position: (309880000, 42100000)
DEBUG: board_modifier.py:132: Getting SW15 footprint position: (38100000, 57150000)
DEBUG: board_modifier.py:119: Setting D15 footprint position: (43180000, 61150000)
DEBUG: board_modifier.py:132: Getting SW16 footprint position: (57150000, 57150000)
DEBUG: board_modifier.py:119: Setting D16 footprint position: (62230000, 61150000)
DEBUG: board_modifier.py:132: Getting SW17 footprint position: (76200000, 57150000)
DEBUG: board_modifier.py:119: Setting D17 footprint position: (81280000, 61150000)
DEBUG: board_modifier.py:132: Getting SW18 footprint position: (95250000, 57150000)
DEBUG: board_modifier.py:119: Setting D18 footprint position: (100330000, 61150000)
DEBUG: board_modifier.py:132: Getting SW19 footprint position: (114300000, 57150000)
DEBUG: board_modifier.py:119: Setting D19 footprint position: (119380000, 61150000)
DEBUG: board_modifier.py:132: Getting SW20 footprint position: (133350000, 57150000)
DEBUG: board_modifier.py:119: Setting D20 footprint position: (138430000, 61150000)
DEBUG: board_modifier.py:132: Getting SW21 footprint position: (152400000, 57150000)
DEBUG: board_modifier.py:119: Setting D21 footprint position: (157480000, 61150000)
DEBUG: board_modifier.py:132: Getting SW22 footprint position: (171450000, 57150000)
DEBUG: board_modifier.py:119: Setting D22 footprint position: (176530000, 61150000)
DEBUG: board_modifier.py:132: Getting SW23 footprint position: (190500000, 57150000)
DEBUG: board_modifier.py:119: Setting D23 footprint position: (195580000, 61150000)
DEBUG: board_modifier.py:132: Getting SW24 footprint position: (209550000, 57150000)
DEBUG: board_modifier.py:119: Setting D24 footprint position: (214630000, 61150000)
DEBUG: board_modifier.py:132: Getting SW25 footprint position: (228600000, 57150000)
DEBUG: board_modifier.py:119: Setting D25 footprint position: (233680000, 61150000)
DEBUG: board_modifier.py:132: Getting SW26 footprint position: (247650000, 57150000)
DEBUG: board_modifier.py:119: Setting D26 footprint position: (252730000, 61150000)
DEBUG: board_modifier.py:132: Getting SW27 footprint position: (266700000, 57150000)
DEBUG: board_modifier.py:119: Setting D27 footprint position: (271780000, 61150000)
DEBUG: board_modifier.py:132: Getting SW28 footprint position: (295275000, 57150000)
DEBUG: board_modifier.py:119: Setting D28 footprint position: (300355000, 61150000)
DEBUG: board_modifier.py:132: Getting SW29 footprint position: (42862500, 76200000)
DEBUG: board_modifier.py:119: Setting D29 footprint position: (47942500, 80200000)
DEBUG: board_modifier.py:132: Getting SW30 footprint position: (66675000, 76200000)
DEBUG: board_modifier.py:119: Setting D30 footprint position: (71755000, 80200000)
DEBUG: board_modifier.py:132: Getting SW31 footprint position: (85725000, 76200000)
DEBUG: board_modifier.py:119: Setting D31 footprint position: (90805000, 80200000)
DEBUG: board_modifier.py:132: Getting SW32 footprint position: (104775000, 76200000)
DEBUG: board_modifier.py:119: Setting D32 footprint position: (109855000, 80200000)
DEBUG: board_modifier.py:132: Getting SW33 footprint position: (123825000, 76200000)
DEBUG: board_modifier.py:119: Setting D33 footprint position: (128905000, 80200000)
DEBUG: board_modifier.py:132: Getting SW34 footprint position: (142875000, 76200000)
DEBUG: board_modifier.py:119: Setting D34 footprint position: (147955000, 80200000)
DEBUG: board_modifier.py:132: Getting SW35 footprint position: (161925000, 76200000)
DEBUG: board_modifier.py:119: Setting D35 footprint position: (167005000, 80200000)
DEBUG: board_modifier.py:132: Getting SW36 footprint position: (180975000, 76200000)
DEBUG: board_modifier.py:119: Setting D36 footprint position: (186055000, 80200000)
DEBUG: board_modifier.py:132: Getting SW37 footprint position: (200025000, 76200000)
DEBUG: board_modifier.py:119: Setting D37 footprint position: (205105000, 80200000)
DEBUG: board_modifier.py:132: Getting SW38 footprint position: (219075000, 76200000)
DEBUG: board_modifier.py:119: Setting D38 footprint position: (224155000, 80200000)
DEBUG: board_modifier.py:132: Getting SW39 footprint position: (238125000, 76200000)
DEBUG: board_modifier.py:119: Setting D39 footprint position: (243205000, 80200000)
DEBUG: board_modifier.py:132: Getting SW40 footprint position: (257175000, 76200000)
DEBUG: board_modifier.py:119: Setting D40 footprint position: (262255000, 80200000)
DEBUG: board_modifier.py:132: Getting SW41 footprint position: (276225000, 76200000)
DEBUG: board_modifier.py:119: Setting D41 footprint position: (281305000, 80200000)
DEBUG: board_modifier.py:132: Getting SW42 footprint position: (300037500, 76200000)
DEBUG: board_modifier.py:119: Setting D42 footprint position: (305117500, 80200000)
DEBUG: board_modifier.py:132: Getting SW43 footprint position: (45243750, 95250000)
DEBUG: board_modifier.py:119: Setting D43 footprint position: (50323750, 99250000)
DEBUG: board_modifier.py:132: Getting SW44 footprint position: (71437500, 95250000)
DEBUG: board_modifier.py:119: Setting D44 footprint position: (76517500, 99250000)
DEBUG: board_modifier.py:132: Getting SW45 footprint position: (90487500, 95250000)
DEBUG: board_modifier.py:119: Setting D45 footprint position: (95567500, 99250000)
DEBUG: board_modifier.py:132: Getting SW46 footprint position: (109537500, 95250000)
DEBUG: board_modifier.py:119: Setting D46 footprint position: (114617500, 99250000)
DEBUG: board_modifier.py:132: Getting SW47 footprint position: (128587500, 95250000)
DEBUG: board_modifier.py:119: Setting D47 footprint position: (133667500, 99250000)
DEBUG: board_modifier.py:132: Getting SW48 footprint position: (147637500, 95250000)
DEBUG: board_modifier.py:119: Setting D48 footprint position: (152717500, 99250000)
DEBUG: board_modifier.py:132: Getting SW49 footprint position: (166687500, 95250000)
DEBUG: board_modifier.py:119: Setting D49 footprint position: (171767500, 99250000)
DEBUG: board_modifier.py:132: Getting SW50 footprint position: (185737500, 95250000)
DEBUG: board_modifier.py:119: Setting D50 footprint position: (190817500, 99250000)
DEBUG: board_modifier.py:132: Getting SW51 footprint position: (204787500, 95250000)
DEBUG: board_modifier.py:119: Setting D51 footprint position: (209867500, 99250000)
DEBUG: board_modifier.py:132: Getting SW52 footprint position: (223837500, 95250000)
DEBUG: board_modifier.py:119: Setting D52 footprint position: (228917500, 99250000)
DEBUG: board_modifier.py:132: Getting SW53 footprint position: (242887500, 95250000)
DEBUG: board_modifier.py:119: Setting D53 footprint position: (247967500, 99250000)
DEBUG: board_modifier.py:132: Getting SW54 footprint position: (261937500, 95250000)
DEBUG: board_modifier.py:119: Setting D54 footprint position: (267017500, 99250000)
DEBUG: board_modifier.py:132: Getting SW55 footprint position: (292893750, 95250000)
DEBUG: board_modifier.py:119: Setting D55 footprint position: (297973750, 99250000)
DEBUG: board_modifier.py:132: Getting SW56 footprint position: (50006250, 114300000)
DEBUG: board_modifier.py:119: Setting D56 footprint position: (55086250, 118300000)
DEBUG: board_modifier.py:132: Getting SW57 footprint position: (80962500, 114300000)
DEBUG: board_modifier.py:119: Setting D57 footprint position: (86042500, 118300000)
DEBUG: board_modifier.py:132: Getting SW58 footprint position: (100012500, 114300000)
DEBUG: board_modifier.py:119: Setting D58 footprint position: (105092500, 118300000)
DEBUG: board_modifier.py:132: Getting SW59 footprint position: (119062500, 114300000)
DEBUG: board_modifier.py:119: Setting D59 footprint position: (124142500, 118300000)
DEBUG: board_modifier.py:132: Getting SW60 footprint position: (138112500, 114300000)
DEBUG: board_modifier.py:119: Setting D60 footprint position: (143192500, 118300000)
DEBUG: board_modifier.py:132: Getting SW61 footprint position: (157162500, 114300000)
DEBUG: board_modifier.py:119: Setting D61 footprint position: (162242500, 118300000)
DEBUG: board_modifier.py:132: Getting SW62 footprint position: (176212500, 114300000)
DEBUG: board_modifier.py:119: Setting D62 footprint position: (181292500, 118300000)
DEBUG: board_modifier.py:132: Getting SW63 footprint position: (195262500, 114300000)
DEBUG: board_modifier.py:119: Setting D63 footprint position: (200342500, 118300000)
DEBUG: board_modifier.py:132: Getting SW64 footprint position: (214312500, 114300000)
DEBUG: board_modifier.py:119: Setting D64 footprint position: (219392500, 118300000)
DEBUG: board_modifier.py:132: Getting SW65 footprint position: (233362500, 114300000)
DEBUG: board_modifier.py:119: Setting D65 footprint position: (238442500, 118300000)
DEBUG: board_modifier.py:132: Getting SW66 footprint position: (252412500, 114300000)
DEBUG: board_modifier.py:119: Setting D66 footprint position: (257492500, 118300000)
DEBUG: board_modifier.py:132: Getting SW67 footprint position: (285750000, 114300000)
DEBUG: board_modifier.py:119: Setting D67 footprint position: (290830000, 118300000)
DEBUG: board_modifier.py:132: Getting SW68 footprint position: (40481250, 133350000)
DEBUG: board_modifier.py:119: Setting D68 footprint position: (45561250, 137350000)
DEBUG: board_modifier.py:132: Getting SW69 footprint position: (61912500, 133350000)
DEBUG: board_modifier.py:119: Setting D69 footprint position: (66992500, 137350000)
DEBUG: board_modifier.py:132: Getting SW70 footprint position: (83343750, 133350000)
DEBUG: board_modifier.py:119: Setting D70 footprint position: (88423750, 137350000)
DEBUG: board_modifier.py:132: Getting SW71 footprint position: (107156250, 133350000)
DEBUG: board_modifier.py:119: Setting D71 footprint position: (112236250, 137350000)
DEBUG: board_modifier.py:132: Getting SW72 footprint position: (169068750, 133350000)
DEBUG: board_modifier.py:119: Setting D72 footprint position: (174148750, 137350000)
DEBUG: board_modifier.py:132: Getting SW73 footprint position: (228600000, 133350000)
DEBUG: board_modifier.py:119: Setting D73 footprint position: (233680000, 137350000)
DEBUG: board_modifier.py:132: Getting SW74 footprint position: (247650000, 133350000)
DEBUG: board_modifier.py:119: Setting D74 footprint position: (252730000, 137350000)
DEBUG: board_modifier.py:132: Getting SW75 footprint position: (266700000, 133350000)
DEBUG: board_modifier.py:119: Setting D75 footprint position: (271780000, 137350000)
DEBUG: board_modifier.py:132: Getting SW76 footprint position: (285750000, 133350000)
DEBUG: board_modifier.py:119: Setting D76 footprint position: (290830000, 137350000)
DEBUG: board_modifier.py:132: Getting SW77 footprint position: (304800000, 133350000)
DEBUG: board_modifier.py:119: Setting D77 footprint position: (309880000, 137350000)
DEBUG: key_placer.py:928: Placing additional elements for SW77
DEBUG: board_modifier.py:132: Getting SW77 footprint position: (304800000, 133350000)
DEBUG: board_modifier.py:84: Searching for optional ST77 footprint in C:\Users\user\Documents\ESP_BT_KEYBOARD\BT_Keyboard\BT_Keyboard.kicad_pcb
DEBUG: board_modifier.py:89: Footprint not found
DEBUG: key_placer.py:928: Placing additional elements for SW76
DEBUG: board_modifier.py:132: Getting SW76 footprint position: (285750000, 133350000)
DEBUG: board_modifier.py:84: Searching for optional ST76 footprint in C:\Users\user\Documents\ESP_BT_KEYBOARD\BT_Keyboard\BT_Keyboard.kicad_pcb
DEBUG: board_modifier.py:89: Footprint not found
DEBUG: key_placer.py:928: Placing additional elements for SW75
DEBUG: board_modifier.py:132: Getting SW75 footprint position: (266700000, 133350000)
DEBUG: board_modifier.py:84: Searching for optional ST75 footprint in C:\Users\user\Documents\ESP_BT_KEYBOARD\BT_Keyboard\BT_Keyboard.kicad_pcb
DEBUG: board_modifier.py:89: Footprint not found
DEBUG: key_placer.py:928: Placing additional elements for SW74
DEBUG: board_modifier.py:132: Getting SW74 footprint position: (247650000, 133350000)
DEBUG: board_modifier.py:84: Searching for optional ST74 footprint in C:\Users\user\Documents\ESP_BT_KEYBOARD\BT_Keyboard\BT_Keyboard.kicad_pcb
DEBUG: board_modifier.py:89: Footprint not found
DEBUG: key_placer.py:928: Placing additional elements for SW73
DEBUG: board_modifier.py:132: Getting SW73 footprint position: (228600000, 133350000)
DEBUG: board_modifier.py:84: Searching for optional ST73 footprint in C:\Users\user\Documents\ESP_BT_KEYBOARD\BT_Keyboard\BT_Keyboard.kicad_pcb
DEBUG: board_modifier.py:89: Footprint not found
DEBUG: key_placer.py:928: Placing additional elements for SW72
DEBUG: board_modifier.py:132: Getting SW72 footprint position: (169068750, 133350000)
DEBUG: board_modifier.py:84: Searching for optional ST72 footprint in C:\Users\user\Documents\ESP_BT_KEYBOARD\BT_Keyboard\BT_Keyboard.kicad_pcb
DEBUG: board_modifier.py:89: Footprint not found
DEBUG: key_placer.py:928: Placing additional elements for SW71
DEBUG: board_modifier.py:132: Getting SW71 footprint position: (107156250, 133350000)
DEBUG: board_modifier.py:84: Searching for optional ST71 footprint in C:\Users\user\Documents\ESP_BT_KEYBOARD\BT_Keyboard\BT_Keyboard.kicad_pcb
DEBUG: board_modifier.py:89: Footprint not found
DEBUG: key_placer.py:928: Placing additional elements for SW70
DEBUG: board_modifier.py:132: Getting SW70 footprint position: (83343750, 133350000)
DEBUG: board_modifier.py:84: Searching for optional ST70 footprint in C:\Users\user\Documents\ESP_BT_KEYBOARD\BT_Keyboard\BT_Keyboard.kicad_pcb
DEBUG: board_modifier.py:89: Footprint not found
DEBUG: key_placer.py:928: Placing additional elements for SW69
DEBUG: board_modifier.py:132: Getting SW69 footprint position: (61912500, 133350000)
DEBUG: board_modifier.py:84: Searching for optional ST69 footprint in C:\Users\user\Documents\ESP_BT_KEYBOARD\BT_Keyboard\BT_Keyboard.kicad_pcb
DEBUG: board_modifier.py:89: Footprint not found
DEBUG: key_placer.py:928: Placing additional elements for SW68
DEBUG: board_modifier.py:132: Getting SW68 footprint position: (40481250, 133350000)
DEBUG: board_modifier.py:84: Searching for optional ST68 footprint in C:\Users\user\Documents\ESP_BT_KEYBOARD\BT_Keyboard\BT_Keyboard.kicad_pcb
DEBUG: board_modifier.py:89: Footprint not found
DEBUG: key_placer.py:928: Placing additional elements for SW67
DEBUG: board_modifier.py:132: Getting SW67 footprint position: (285750000, 114300000)
DEBUG: board_modifier.py:84: Searching for optional ST67 footprint in C:\Users\user\Documents\ESP_BT_KEYBOARD\BT_Keyboard\BT_Keyboard.kicad_pcb
DEBUG: board_modifier.py:89: Footprint not found
DEBUG: key_placer.py:928: Placing additional elements for SW66
DEBUG: board_modifier.py:132: Getting SW66 footprint position: (252412500, 114300000)
DEBUG: board_modifier.py:84: Searching for optional ST66 footprint in C:\Users\user\Documents\ESP_BT_KEYBOARD\BT_Keyboard\BT_Keyboard.kicad_pcb
DEBUG: board_modifier.py:89: Footprint not found
DEBUG: key_placer.py:928: Placing additional elements for SW65
DEBUG: board_modifier.py:132: Getting SW65 footprint position: (233362500, 114300000)
DEBUG: board_modifier.py:84: Searching for optional ST65 footprint in C:\Users\user\Documents\ESP_BT_KEYBOARD\BT_Keyboard\BT_Keyboard.kicad_pcb
DEBUG: board_modifier.py:89: Footprint not found
DEBUG: key_placer.py:928: Placing additional elements for SW64
DEBUG: board_modifier.py:132: Getting SW64 footprint position: (214312500, 114300000)
DEBUG: board_modifier.py:84: Searching for optional ST64 footprint in C:\Users\user\Documents\ESP_BT_KEYBOARD\BT_Keyboard\BT_Keyboard.kicad_pcb
DEBUG: board_modifier.py:89: Footprint not found
DEBUG: key_placer.py:928: Placing additional elements for SW63
DEBUG: board_modifier.py:132: Getting SW63 footprint position: (195262500, 114300000)
DEBUG: board_modifier.py:84: Searching for optional ST63 footprint in C:\Users\user\Documents\ESP_BT_KEYBOARD\BT_Keyboard\BT_Keyboard.kicad_pcb
DEBUG: board_modifier.py:89: Footprint not found
DEBUG: key_placer.py:928: Placing additional elements for SW62
DEBUG: board_modifier.py:132: Getting SW62 footprint position: (176212500, 114300000)
DEBUG: board_modifier.py:84: Searching for optional ST62 footprint in C:\Users\user\Documents\ESP_BT_KEYBOARD\BT_Keyboard\BT_Keyboard.kicad_pcb
DEBUG: board_modifier.py:89: Footprint not found
DEBUG: key_placer.py:928: Placing additional elements for SW61
DEBUG: board_modifier.py:132: Getting SW61 footprint position: (157162500, 114300000)
DEBUG: board_modifier.py:84: Searching for optional ST61 footprint in C:\Users\user\Documents\ESP_BT_KEYBOARD\BT_Keyboard\BT_Keyboard.kicad_pcb
DEBUG: board_modifier.py:89: Footprint not found
DEBUG: key_placer.py:928: Placing additional elements for SW60
DEBUG: board_modifier.py:132: Getting SW60 footprint position: (138112500, 114300000)
DEBUG: board_modifier.py:84: Searching for optional ST60 footprint in C:\Users\user\Documents\ESP_BT_KEYBOARD\BT_Keyboard\BT_Keyboard.kicad_pcb
DEBUG: board_modifier.py:89: Footprint not found
DEBUG: key_placer.py:928: Placing additional elements for SW59
DEBUG: board_modifier.py:132: Getting SW59 footprint position: (119062500, 114300000)
DEBUG: board_modifier.py:84: Searching for optional ST59 footprint in C:\Users\user\Documents\ESP_BT_KEYBOARD\BT_Keyboard\BT_Keyboard.kicad_pcb
DEBUG: board_modifier.py:89: Footprint not found
DEBUG: key_placer.py:928: Placing additional elements for SW58
DEBUG: board_modifier.py:132: Getting SW58 footprint position: (100012500, 114300000)
DEBUG: board_modifier.py:84: Searching for optional ST58 footprint in C:\Users\user\Documents\ESP_BT_KEYBOARD\BT_Keyboard\BT_Keyboard.kicad_pcb
DEBUG: board_modifier.py:89: Footprint not found
DEBUG: key_placer.py:928: Placing additional elements for SW57
DEBUG: board_modifier.py:132: Getting SW57 footprint position: (80962500, 114300000)
DEBUG: board_modifier.py:84: Searching for optional ST57 footprint in C:\Users\user\Documents\ESP_BT_KEYBOARD\BT_Keyboard\BT_Keyboard.kicad_pcb
DEBUG: board_modifier.py:89: Footprint not found
DEBUG: key_placer.py:928: Placing additional elements for SW56
DEBUG: board_modifier.py:132: Getting SW56 footprint position: (50006250, 114300000)
DEBUG: board_modifier.py:84: Searching for optional ST56 footprint in C:\Users\user\Documents\ESP_BT_KEYBOARD\BT_Keyboard\BT_Keyboard.kicad_pcb
DEBUG: board_modifier.py:89: Footprint not found
DEBUG: key_placer.py:928: Placing additional elements for SW55
DEBUG: board_modifier.py:132: Getting SW55 footprint position: (292893750, 95250000)
DEBUG: board_modifier.py:84: Searching for optional ST55 footprint in C:\Users\user\Documents\ESP_BT_KEYBOARD\BT_Keyboard\BT_Keyboard.kicad_pcb
DEBUG: board_modifier.py:89: Footprint not found
DEBUG: key_placer.py:928: Placing additional elements for SW54
DEBUG: board_modifier.py:132: Getting SW54 footprint position: (261937500, 95250000)
DEBUG: board_modifier.py:84: Searching for optional ST54 footprint in C:\Users\user\Documents\ESP_BT_KEYBOARD\BT_Keyboard\BT_Keyboard.kicad_pcb
DEBUG: board_modifier.py:89: Footprint not found
DEBUG: key_placer.py:928: Placing additional elements for SW53
DEBUG: board_modifier.py:132: Getting SW53 footprint position: (242887500, 95250000)
DEBUG: board_modifier.py:84: Searching for optional ST53 footprint in C:\Users\user\Documents\ESP_BT_KEYBOARD\BT_Keyboard\BT_Keyboard.kicad_pcb
DEBUG: board_modifier.py:89: Footprint not found
DEBUG: key_placer.py:928: Placing additional elements for SW52
DEBUG: board_modifier.py:132: Getting SW52 footprint position: (223837500, 95250000)
DEBUG: board_modifier.py:84: Searching for optional ST52 footprint in C:\Users\user\Documents\ESP_BT_KEYBOARD\BT_Keyboard\BT_Keyboard.kicad_pcb
DEBUG: board_modifier.py:89: Footprint not found
DEBUG: key_placer.py:928: Placing additional elements for SW51
DEBUG: board_modifier.py:132: Getting SW51 footprint position: (204787500, 95250000)
DEBUG: board_modifier.py:84: Searching for optional ST51 footprint in C:\Users\user\Documents\ESP_BT_KEYBOARD\BT_Keyboard\BT_Keyboard.kicad_pcb
DEBUG: board_modifier.py:89: Footprint not found
DEBUG: key_placer.py:928: Placing additional elements for SW50
DEBUG: board_modifier.py:132: Getting SW50 footprint position: (185737500, 95250000)
DEBUG: board_modifier.py:84: Searching for optional ST50 footprint in C:\Users\user\Documents\ESP_BT_KEYBOARD\BT_Keyboard\BT_Keyboard.kicad_pcb
DEBUG: board_modifier.py:89: Footprint not found
DEBUG: key_placer.py:928: Placing additional elements for SW49
DEBUG: board_modifier.py:132: Getting SW49 footprint position: (166687500, 95250000)
DEBUG: board_modifier.py:84: Searching for optional ST49 footprint in C:\Users\user\Documents\ESP_BT_KEYBOARD\BT_Keyboard\BT_Keyboard.kicad_pcb
DEBUG: board_modifier.py:89: Footprint not found
DEBUG: key_placer.py:928: Placing additional elements for SW48
DEBUG: board_modifier.py:132: Getting SW48 footprint position: (147637500, 95250000)
DEBUG: board_modifier.py:84: Searching for optional ST48 footprint in C:\Users\user\Documents\ESP_BT_KEYBOARD\BT_Keyboard\BT_Keyboard.kicad_pcb
DEBUG: board_modifier.py:89: Footprint not found
DEBUG: key_placer.py:928: Placing additional elements for SW47
DEBUG: board_modifier.py:132: Getting SW47 footprint position: (128587500, 95250000)
DEBUG: board_modifier.py:84: Searching for optional ST47 footprint in C:\Users\user\Documents\ESP_BT_KEYBOARD\BT_Keyboard\BT_Keyboard.kicad_pcb
DEBUG: board_modifier.py:89: Footprint not found
DEBUG: key_placer.py:928: Placing additional elements for SW46
DEBUG: board_modifier.py:132: Getting SW46 footprint position: (109537500, 95250000)
DEBUG: board_modifier.py:84: Searching for optional ST46 footprint in C:\Users\user\Documents\ESP_BT_KEYBOARD\BT_Keyboard\BT_Keyboard.kicad_pcb
DEBUG: board_modifier.py:89: Footprint not found
DEBUG: key_placer.py:928: Placing additional elements for SW45
DEBUG: board_modifier.py:132: Getting SW45 footprint position: (90487500, 95250000)
DEBUG: board_modifier.py:84: Searching for optional ST45 footprint in C:\Users\user\Documents\ESP_BT_KEYBOARD\BT_Keyboard\BT_Keyboard.kicad_pcb
DEBUG: board_modifier.py:89: Footprint not found
DEBUG: key_placer.py:928: Placing additional elements for SW44
DEBUG: board_modifier.py:132: Getting SW44 footprint position: (71437500, 95250000)
DEBUG: board_modifier.py:84: Searching for optional ST44 footprint in C:\Users\user\Documents\ESP_BT_KEYBOARD\BT_Keyboard\BT_Keyboard.kicad_pcb
DEBUG: board_modifier.py:89: Footprint not found
DEBUG: key_placer.py:928: Placing additional elements for SW43
DEBUG: board_modifier.py:132: Getting SW43 footprint position: (45243750, 95250000)
DEBUG: board_modifier.py:84: Searching for optional ST43 footprint in C:\Users\user\Documents\ESP_BT_KEYBOARD\BT_Keyboard\BT_Keyboard.kicad_pcb
DEBUG: board_modifier.py:89: Footprint not found
DEBUG: key_placer.py:928: Placing additional elements for SW42
DEBUG: board_modifier.py:132: Getting SW42 footprint position: (300037500, 76200000)
DEBUG: board_modifier.py:84: Searching for optional ST42 footprint in C:\Users\user\Documents\ESP_BT_KEYBOARD\BT_Keyboard\BT_Keyboard.kicad_pcb
DEBUG: board_modifier.py:89: Footprint not found
DEBUG: key_placer.py:928: Placing additional elements for SW41
DEBUG: board_modifier.py:132: Getting SW41 footprint position: (276225000, 76200000)
DEBUG: board_modifier.py:84: Searching for optional ST41 footprint in C:\Users\user\Documents\ESP_BT_KEYBOARD\BT_Keyboard\BT_Keyboard.kicad_pcb
DEBUG: board_modifier.py:89: Footprint not found
DEBUG: key_placer.py:928: Placing additional elements for SW40
DEBUG: board_modifier.py:132: Getting SW40 footprint position: (257175000, 76200000)
DEBUG: board_modifier.py:84: Searching for optional ST40 footprint in C:\Users\user\Documents\ESP_BT_KEYBOARD\BT_Keyboard\BT_Keyboard.kicad_pcb
DEBUG: board_modifier.py:89: Footprint not found
DEBUG: key_placer.py:928: Placing additional elements for SW39
DEBUG: board_modifier.py:132: Getting SW39 footprint position: (238125000, 76200000)
DEBUG: board_modifier.py:84: Searching for optional ST39 footprint in C:\Users\user\Documents\ESP_BT_KEYBOARD\BT_Keyboard\BT_Keyboard.kicad_pcb
DEBUG: board_modifier.py:89: Footprint not found
DEBUG: key_placer.py:928: Placing additional elements for SW38
DEBUG: board_modifier.py:132: Getting SW38 footprint position: (219075000, 76200000)
DEBUG: board_modifier.py:84: Searching for optional ST38 footprint in C:\Users\user\Documents\ESP_BT_KEYBOARD\BT_Keyboard\BT_Keyboard.kicad_pcb
DEBUG: board_modifier.py:89: Footprint not found
DEBUG: key_placer.py:928: Placing additional elements for SW37
DEBUG: board_modifier.py:132: Getting SW37 footprint position: (200025000, 76200000)
DEBUG: board_modifier.py:84: Searching for optional ST37 footprint in C:\Users\user\Documents\ESP_BT_KEYBOARD\BT_Keyboard\BT_Keyboard.kicad_pcb
DEBUG: board_modifier.py:89: Footprint not found
DEBUG: key_placer.py:928: Placing additional elements for SW36
DEBUG: board_modifier.py:132: Getting SW36 footprint position: (180975000, 76200000)
DEBUG: board_modifier.py:84: Searching for optional ST36 footprint in C:\Users\user\Documents\ESP_BT_KEYBOARD\BT_Keyboard\BT_Keyboard.kicad_pcb
DEBUG: board_modifier.py:89: Footprint not found
DEBUG: key_placer.py:928: Placing additional elements for SW35
DEBUG: board_modifier.py:132: Getting SW35 footprint position: (161925000, 76200000)
DEBUG: board_modifier.py:84: Searching for optional ST35 footprint in C:\Users\user\Documents\ESP_BT_KEYBOARD\BT_Keyboard\BT_Keyboard.kicad_pcb
DEBUG: board_modifier.py:89: Footprint not found
DEBUG: key_placer.py:928: Placing additional elements for SW34
DEBUG: board_modifier.py:132: Getting SW34 footprint position: (142875000, 76200000)
DEBUG: board_modifier.py:84: Searching for optional ST34 footprint in C:\Users\user\Documents\ESP_BT_KEYBOARD\BT_Keyboard\BT_Keyboard.kicad_pcb
DEBUG: board_modifier.py:89: Footprint not found
DEBUG: key_placer.py:928: Placing additional elements for SW33
DEBUG: board_modifier.py:132: Getting SW33 footprint position: (123825000, 76200000)
DEBUG: board_modifier.py:84: Searching for optional ST33 footprint in C:\Users\user\Documents\ESP_BT_KEYBOARD\BT_Keyboard\BT_Keyboard.kicad_pcb
DEBUG: board_modifier.py:89: Footprint not found
DEBUG: key_placer.py:928: Placing additional elements for SW32
DEBUG: board_modifier.py:132: Getting SW32 footprint position: (104775000, 76200000)
DEBUG: board_modifier.py:84: Searching for optional ST32 footprint in C:\Users\user\Documents\ESP_BT_KEYBOARD\BT_Keyboard\BT_Keyboard.kicad_pcb
DEBUG: board_modifier.py:89: Footprint not found
DEBUG: key_placer.py:928: Placing additional elements for SW31
DEBUG: board_modifier.py:132: Getting SW31 footprint position: (85725000, 76200000)
DEBUG: board_modifier.py:84: Searching for optional ST31 footprint in C:\Users\user\Documents\ESP_BT_KEYBOARD\BT_Keyboard\BT_Keyboard.kicad_pcb
DEBUG: board_modifier.py:89: Footprint not found
DEBUG: key_placer.py:928: Placing additional elements for SW30
DEBUG: board_modifier.py:132: Getting SW30 footprint position: (66675000, 76200000)
DEBUG: board_modifier.py:84: Searching for optional ST30 footprint in C:\Users\user\Documents\ESP_BT_KEYBOARD\BT_Keyboard\BT_Keyboard.kicad_pcb
DEBUG: board_modifier.py:89: Footprint not found
DEBUG: key_placer.py:928: Placing additional elements for SW29
DEBUG: board_modifier.py:132: Getting SW29 footprint position: (42862500, 76200000)
DEBUG: board_modifier.py:84: Searching for optional ST29 footprint in C:\Users\user\Documents\ESP_BT_KEYBOARD\BT_Keyboard\BT_Keyboard.kicad_pcb
DEBUG: board_modifier.py:89: Footprint not found
DEBUG: key_placer.py:928: Placing additional elements for SW28
DEBUG: board_modifier.py:132: Getting SW28 footprint position: (295275000, 57150000)
DEBUG: board_modifier.py:84: Searching for optional ST28 footprint in C:\Users\user\Documents\ESP_BT_KEYBOARD\BT_Keyboard\BT_Keyboard.kicad_pcb
DEBUG: board_modifier.py:89: Footprint not found
DEBUG: key_placer.py:928: Placing additional elements for SW27
DEBUG: board_modifier.py:132: Getting SW27 footprint position: (266700000, 57150000)
DEBUG: board_modifier.py:84: Searching for optional ST27 footprint in C:\Users\user\Documents\ESP_BT_KEYBOARD\BT_Keyboard\BT_Keyboard.kicad_pcb
DEBUG: board_modifier.py:89: Footprint not found
DEBUG: key_placer.py:928: Placing additional elements for SW26
DEBUG: board_modifier.py:132: Getting SW26 footprint position: (247650000, 57150000)
DEBUG: board_modifier.py:84: Searching for optional ST26 footprint in C:\Users\user\Documents\ESP_BT_KEYBOARD\BT_Keyboard\BT_Keyboard.kicad_pcb
DEBUG: board_modifier.py:89: Footprint not found
DEBUG: key_placer.py:928: Placing additional elements for SW25
DEBUG: board_modifier.py:132: Getting SW25 footprint position: (228600000, 57150000)
DEBUG: board_modifier.py:84: Searching for optional ST25 footprint in C:\Users\user\Documents\ESP_BT_KEYBOARD\BT_Keyboard\BT_Keyboard.kicad_pcb
DEBUG: board_modifier.py:89: Footprint not found
DEBUG: key_placer.py:928: Placing additional elements for SW24
DEBUG: board_modifier.py:132: Getting SW24 footprint position: (209550000, 57150000)
DEBUG: board_modifier.py:84: Searching for optional ST24 footprint in C:\Users\user\Documents\ESP_BT_KEYBOARD\BT_Keyboard\BT_Keyboard.kicad_pcb
DEBUG: board_modifier.py:89: Footprint not found
DEBUG: key_placer.py:928: Placing additional elements for SW23
DEBUG: board_modifier.py:132: Getting SW23 footprint position: (190500000, 57150000)
DEBUG: board_modifier.py:84: Searching for optional ST23 footprint in C:\Users\user\Documents\ESP_BT_KEYBOARD\BT_Keyboard\BT_Keyboard.kicad_pcb
DEBUG: board_modifier.py:89: Footprint not found
DEBUG: key_placer.py:928: Placing additional elements for SW22
DEBUG: board_modifier.py:132: Getting SW22 footprint position: (171450000, 57150000)
DEBUG: board_modifier.py:84: Searching for optional ST22 footprint in C:\Users\user\Documents\ESP_BT_KEYBOARD\BT_Keyboard\BT_Keyboard.kicad_pcb
DEBUG: board_modifier.py:89: Footprint not found
DEBUG: key_placer.py:928: Placing additional elements for SW21
DEBUG: board_modifier.py:132: Getting SW21 footprint position: (152400000, 57150000)
DEBUG: board_modifier.py:84: Searching for optional ST21 footprint in C:\Users\user\Documents\ESP_BT_KEYBOARD\BT_Keyboard\BT_Keyboard.kicad_pcb
DEBUG: board_modifier.py:89: Footprint not found
DEBUG: key_placer.py:928: Placing additional elements for SW20
DEBUG: board_modifier.py:132: Getting SW20 footprint position: (133350000, 57150000)
DEBUG: board_modifier.py:84: Searching for optional ST20 footprint in C:\Users\user\Documents\ESP_BT_KEYBOARD\BT_Keyboard\BT_Keyboard.kicad_pcb
DEBUG: board_modifier.py:89: Footprint not found
DEBUG: key_placer.py:928: Placing additional elements for SW19
DEBUG: board_modifier.py:132: Getting SW19 footprint position: (114300000, 57150000)
DEBUG: board_modifier.py:84: Searching for optional ST19 footprint in C:\Users\user\Documents\ESP_BT_KEYBOARD\BT_Keyboard\BT_Keyboard.kicad_pcb
DEBUG: board_modifier.py:89: Footprint not found
DEBUG: key_placer.py:928: Placing additional elements for SW18
DEBUG: board_modifier.py:132: Getting SW18 footprint position: (95250000, 57150000)
DEBUG: board_modifier.py:84: Searching for optional ST18 footprint in C:\Users\user\Documents\ESP_BT_KEYBOARD\BT_Keyboard\BT_Keyboard.kicad_pcb
DEBUG: board_modifier.py:89: Footprint not found
DEBUG: key_placer.py:928: Placing additional elements for SW17
DEBUG: board_modifier.py:132: Getting SW17 footprint position: (76200000, 57150000)
DEBUG: board_modifier.py:84: Searching for optional ST17 footprint in C:\Users\user\Documents\ESP_BT_KEYBOARD\BT_Keyboard\BT_Keyboard.kicad_pcb
DEBUG: board_modifier.py:89: Footprint not found
DEBUG: key_placer.py:928: Placing additional elements for SW16
DEBUG: board_modifier.py:132: Getting SW16 footprint position: (57150000, 57150000)
DEBUG: board_modifier.py:84: Searching for optional ST16 footprint in C:\Users\user\Documents\ESP_BT_KEYBOARD\BT_Keyboard\BT_Keyboard.kicad_pcb
DEBUG: board_modifier.py:89: Footprint not found
DEBUG: key_placer.py:928: Placing additional elements for SW15
DEBUG: board_modifier.py:132: Getting SW15 footprint position: (38100000, 57150000)
DEBUG: board_modifier.py:84: Searching for optional ST15 footprint in C:\Users\user\Documents\ESP_BT_KEYBOARD\BT_Keyboard\BT_Keyboard.kicad_pcb
DEBUG: board_modifier.py:89: Footprint not found
DEBUG: key_placer.py:928: Placing additional elements for SW14
DEBUG: board_modifier.py:132: Getting SW14 footprint position: (304800000, 38100000)
DEBUG: board_modifier.py:84: Searching for optional ST14 footprint in C:\Users\user\Documents\ESP_BT_KEYBOARD\BT_Keyboard\BT_Keyboard.kicad_pcb
DEBUG: board_modifier.py:89: Footprint not found
DEBUG: key_placer.py:928: Placing additional elements for SW13
DEBUG: board_modifier.py:132: Getting SW13 footprint position: (266700000, 38100000)
DEBUG: board_modifier.py:84: Searching for optional ST13 footprint in C:\Users\user\Documents\ESP_BT_KEYBOARD\BT_Keyboard\BT_Keyboard.kicad_pcb
DEBUG: board_modifier.py:89: Footprint not found
DEBUG: key_placer.py:928: Placing additional elements for SW12
DEBUG: board_modifier.py:132: Getting SW12 footprint position: (247650000, 38100000)
DEBUG: board_modifier.py:84: Searching for optional ST12 footprint in C:\Users\user\Documents\ESP_BT_KEYBOARD\BT_Keyboard\BT_Keyboard.kicad_pcb
DEBUG: board_modifier.py:89: Footprint not found
DEBUG: key_placer.py:928: Placing additional elements for SW11
DEBUG: board_modifier.py:132: Getting SW11 footprint position: (228600000, 38100000)
DEBUG: board_modifier.py:84: Searching for optional ST11 footprint in C:\Users\user\Documents\ESP_BT_KEYBOARD\BT_Keyboard\BT_Keyboard.kicad_pcb
DEBUG: board_modifier.py:89: Footprint not found
DEBUG: key_placer.py:928: Placing additional elements for SW10
DEBUG: board_modifier.py:132: Getting SW10 footprint position: (209550000, 38100000)
DEBUG: board_modifier.py:84: Searching for optional ST10 footprint in C:\Users\user\Documents\ESP_BT_KEYBOARD\BT_Keyboard\BT_Keyboard.kicad_pcb
DEBUG: board_modifier.py:89: Footprint not found
DEBUG: key_placer.py:928: Placing additional elements for SW9
DEBUG: board_modifier.py:132: Getting SW9 footprint position: (190500000, 38100000)
DEBUG: board_modifier.py:84: Searching for optional ST9 footprint in C:\Users\user\Documents\ESP_BT_KEYBOARD\BT_Keyboard\BT_Keyboard.kicad_pcb
DEBUG: board_modifier.py:89: Footprint not found
DEBUG: key_placer.py:928: Placing additional elements for SW8
DEBUG: board_modifier.py:132: Getting SW8 footprint position: (171450000, 38100000)
DEBUG: board_modifier.py:84: Searching for optional ST8 footprint in C:\Users\user\Documents\ESP_BT_KEYBOARD\BT_Keyboard\BT_Keyboard.kicad_pcb
DEBUG: board_modifier.py:89: Footprint not found
DEBUG: key_placer.py:928: Placing additional elements for SW7
DEBUG: board_modifier.py:132: Getting SW7 footprint position: (152400000, 38100000)
DEBUG: board_modifier.py:84: Searching for optional ST7 footprint in C:\Users\user\Documents\ESP_BT_KEYBOARD\BT_Keyboard\BT_Keyboard.kicad_pcb
DEBUG: board_modifier.py:89: Footprint not found
DEBUG: key_placer.py:928: Placing additional elements for SW6
DEBUG: board_modifier.py:132: Getting SW6 footprint position: (133350000, 38100000)
DEBUG: board_modifier.py:84: Searching for optional ST6 footprint in C:\Users\user\Documents\ESP_BT_KEYBOARD\BT_Keyboard\BT_Keyboard.kicad_pcb
DEBUG: board_modifier.py:89: Footprint not found
DEBUG: key_placer.py:928: Placing additional elements for SW5
DEBUG: board_modifier.py:132: Getting SW5 footprint position: (114300000, 38100000)
DEBUG: board_modifier.py:84: Searching for optional ST5 footprint in C:\Users\user\Documents\ESP_BT_KEYBOARD\BT_Keyboard\BT_Keyboard.kicad_pcb
DEBUG: board_modifier.py:89: Footprint not found
DEBUG: key_placer.py:928: Placing additional elements for SW4
DEBUG: board_modifier.py:132: Getting SW4 footprint position: (95250000, 38100000)
DEBUG: board_modifier.py:84: Searching for optional ST4 footprint in C:\Users\user\Documents\ESP_BT_KEYBOARD\BT_Keyboard\BT_Keyboard.kicad_pcb
DEBUG: board_modifier.py:89: Footprint not found
DEBUG: key_placer.py:928: Placing additional elements for SW3
DEBUG: board_modifier.py:132: Getting SW3 footprint position: (76200000, 38100000)
DEBUG: board_modifier.py:84: Searching for optional ST3 footprint in C:\Users\user\Documents\ESP_BT_KEYBOARD\BT_Keyboard\BT_Keyboard.kicad_pcb
DEBUG: board_modifier.py:89: Footprint not found
DEBUG: key_placer.py:928: Placing additional elements for SW2
DEBUG: board_modifier.py:132: Getting SW2 footprint position: (57150000, 38100000)
DEBUG: board_modifier.py:84: Searching for optional ST2 footprint in C:\Users\user\Documents\ESP_BT_KEYBOARD\BT_Keyboard\BT_Keyboard.kicad_pcb
DEBUG: board_modifier.py:89: Footprint not found
DEBUG: key_placer.py:928: Placing additional elements for SW1
DEBUG: board_modifier.py:132: Getting SW1 footprint position: (38100000, 38100000)
DEBUG: board_modifier.py:84: Searching for optional ST1 footprint in C:\Users\user\Documents\ESP_BT_KEYBOARD\BT_Keyboard\BT_Keyboard.kicad_pcb
DEBUG: board_modifier.py:89: Footprint not found
INFO: key_placer.py:483: Routing SW77 with D77
INFO: key_placer.py:485: Using internal autorouter method
DEBUG: board_modifier.py:578: Routing at F.Cu layer
DEBUG: board_modifier.py:595: Netclass: Default, track width: 200000
DEBUG: board_modifier.py:658: Routing pad 'SW77:2' at (298450000, 135890000) with pad 'D77:2' at (309880000, 127190000) using coordinate system rotated by 0 degree(s)
INFO: board_modifier.py:494: Adding track segment (F.Cu): [(298450000, 135890000), (301180000, 135890000)]
INFO: board_modifier.py:499: Track added
INFO: board_modifier.py:494: Adding track segment (F.Cu): [(301180000, 135890000), (309880000, 127190000)]
DEBUG: board_modifier.py:504: Could not add track segment due to detected collision
INFO: board_modifier.py:494: Adding track segment (F.Cu): [(298450000, 135890000), (307150000, 127190000)]
INFO: board_modifier.py:499: Track added
INFO: board_modifier.py:494: Adding track segment (F.Cu): [(307150000, 127190000), (309880000, 127190000)]
INFO: board_modifier.py:499: Track added
INFO: key_placer.py:483: Routing SW76 with D76
INFO: key_placer.py:485: Using internal autorouter method
DEBUG: board_modifier.py:578: Routing at F.Cu layer
DEBUG: board_modifier.py:595: Netclass: Default, track width: 200000
DEBUG: board_modifier.py:658: Routing pad 'SW76:2' at (279400000, 135890000) with pad 'D76:2' at (290830000, 127190000) using coordinate system rotated by 0 degree(s)
INFO: board_modifier.py:494: Adding track segment (F.Cu): [(279400000, 135890000), (282130000, 135890000)]
INFO: board_modifier.py:499: Track added
INFO: board_modifier.py:494: Adding track segment (F.Cu): [(282130000, 135890000), (290830000, 127190000)]
DEBUG: board_modifier.py:504: Could not add track segment due to detected collision
INFO: board_modifier.py:494: Adding track segment (F.Cu): [(279400000, 135890000), (288100000, 127190000)]
INFO: board_modifier.py:499: Track added
INFO: board_modifier.py:494: Adding track segment (F.Cu): [(288100000, 127190000), (290830000, 127190000)]
INFO: board_modifier.py:499: Track added
INFO: key_placer.py:483: Routing SW75 with D75
INFO: key_placer.py:485: Using internal autorouter method
DEBUG: board_modifier.py:578: Routing at F.Cu layer
DEBUG: board_modifier.py:595: Netclass: Default, track width: 200000
DEBUG: board_modifier.py:658: Routing pad 'SW75:2' at (260350000, 135890000) with pad 'D75:2' at (271780000, 127190000) using coordinate system rotated by 0 degree(s)
INFO: board_modifier.py:494: Adding track segment (F.Cu): [(260350000, 135890000), (263080000, 135890000)]
INFO: board_modifier.py:499: Track added
INFO: board_modifier.py:494: Adding track segment (F.Cu): [(263080000, 135890000), (271780000, 127190000)]
DEBUG: board_modifier.py:504: Could not add track segment due to detected collision
INFO: board_modifier.py:494: Adding track segment (F.Cu): [(260350000, 135890000), (269050000, 127190000)]
DEBUG: board_modifier.py:504: Could not add track segment due to detected collision
INFO: key_placer.py:483: Routing SW74 with D74
INFO: key_placer.py:485: Using internal autorouter method
DEBUG: board_modifier.py:578: Routing at F.Cu layer
DEBUG: board_modifier.py:595: Netclass: Default, track width: 200000
DEBUG: board_modifier.py:658: Routing pad 'SW74:2' at (241300000, 135890000) with pad 'D74:2' at (252730000, 127190000) using coordinate system rotated by 0 degree(s)
INFO: board_modifier.py:494: Adding track segment (F.Cu): [(241300000, 135890000), (244030000, 135890000)]
INFO: board_modifier.py:499: Track added
INFO: board_modifier.py:494: Adding track segment (F.Cu): [(244030000, 135890000), (252730000, 127190000)]
DEBUG: board_modifier.py:504: Could not add track segment due to detected collision
INFO: board_modifier.py:494: Adding track segment (F.Cu): [(241300000, 135890000), (250000000, 127190000)]
DEBUG: board_modifier.py:504: Could not add track segment due to detected collision
INFO: key_placer.py:483: Routing SW73 with D73
INFO: key_placer.py:485: Using internal autorouter method
DEBUG: board_modifier.py:578: Routing at F.Cu layer
DEBUG: board_modifier.py:595: Netclass: Default, track width: 200000
DEBUG: board_modifier.py:658: Routing pad 'SW73:2' at (222250000, 135890000) with pad 'D73:2' at (233680000, 127190000) using coordinate system rotated by 0 degree(s)
INFO: board_modifier.py:494: Adding track segment (F.Cu): [(222250000, 135890000), (224980000, 135890000)]
INFO: board_modifier.py:499: Track added
INFO: board_modifier.py:494: Adding track segment (F.Cu): [(224980000, 135890000), (233680000, 127190000)]
DEBUG: board_modifier.py:504: Could not add track segment due to detected collision
INFO: board_modifier.py:494: Adding track segment (F.Cu): [(222250000, 135890000), (230950000, 127190000)]
DEBUG: board_modifier.py:504: Could not add track segment due to detected collision
INFO: key_placer.py:483: Routing SW72 with D72
INFO: key_placer.py:485: Using internal autorouter method
DEBUG: board_modifier.py:578: Routing at F.Cu layer
DEBUG: board_modifier.py:595: Netclass: Default, track width: 200000
DEBUG: board_modifier.py:658: Routing pad 'SW72:2' at (162718750, 135890000) with pad 'D72:2' at (174148750, 127190000) using coordinate system rotated by 0 degree(s)
INFO: board_modifier.py:494: Adding track segment (F.Cu): [(162718750, 135890000), (165448750, 135890000)]
INFO: board_modifier.py:499: Track added
INFO: board_modifier.py:494: Adding track segment (F.Cu): [(165448750, 135890000), (174148750, 127190000)]
DEBUG: board_modifier.py:504: Could not add track segment due to detected collision
INFO: board_modifier.py:494: Adding track segment (F.Cu): [(162718750, 135890000), (171418750, 127190000)]
INFO: board_modifier.py:499: Track added
INFO: board_modifier.py:494: Adding track segment (F.Cu): [(171418750, 127190000), (174148750, 127190000)]
INFO: board_modifier.py:499: Track added
INFO: key_placer.py:483: Routing SW71 with D71
INFO: key_placer.py:485: Using internal autorouter method
DEBUG: board_modifier.py:578: Routing at F.Cu layer
DEBUG: board_modifier.py:595: Netclass: Default, track width: 200000
DEBUG: board_modifier.py:658: Routing pad 'SW71:2' at (100806250, 135890000) with pad 'D71:2' at (112236250, 127190000) using coordinate system rotated by 0 degree(s)
INFO: board_modifier.py:494: Adding track segment (F.Cu): [(100806250, 135890000), (103536250, 135890000)]
INFO: board_modifier.py:499: Track added
INFO: board_modifier.py:494: Adding track segment (F.Cu): [(103536250, 135890000), (112236250, 127190000)]
DEBUG: board_modifier.py:504: Could not add track segment due to detected collision
INFO: board_modifier.py:494: Adding track segment (F.Cu): [(100806250, 135890000), (109506250, 127190000)]
INFO: board_modifier.py:499: Track added
INFO: board_modifier.py:494: Adding track segment (F.Cu): [(109506250, 127190000), (112236250, 127190000)]
INFO: board_modifier.py:499: Track added
INFO: key_placer.py:483: Routing SW70 with D70
INFO: key_placer.py:485: Using internal autorouter method
DEBUG: board_modifier.py:578: Routing at F.Cu layer
DEBUG: board_modifier.py:595: Netclass: Default, track width: 200000
DEBUG: board_modifier.py:658: Routing pad 'SW70:2' at (76993750, 135890000) with pad 'D70:2' at (88423750, 127190000) using coordinate system rotated by 0 degree(s)
INFO: board_modifier.py:494: Adding track segment (F.Cu): [(76993750, 135890000), (79723750, 135890000)]
INFO: board_modifier.py:499: Track added
INFO: board_modifier.py:494: Adding track segment (F.Cu): [(79723750, 135890000), (88423750, 127190000)]
DEBUG: board_modifier.py:504: Could not add track segment due to detected collision
INFO: board_modifier.py:494: Adding track segment (F.Cu): [(76993750, 135890000), (85693750, 127190000)]
INFO: board_modifier.py:499: Track added
INFO: board_modifier.py:494: Adding track segment (F.Cu): [(85693750, 127190000), (88423750, 127190000)]
INFO: board_modifier.py:499: Track added
INFO: key_placer.py:483: Routing SW69 with D69
INFO: key_placer.py:485: Using internal autorouter method
DEBUG: board_modifier.py:578: Routing at F.Cu layer
DEBUG: board_modifier.py:595: Netclass: Default, track width: 200000
DEBUG: board_modifier.py:658: Routing pad 'SW69:2' at (55562500, 135890000) with pad 'D69:2' at (66992500, 127190000) using coordinate system rotated by 0 degree(s)
INFO: board_modifier.py:494: Adding track segment (F.Cu): [(55562500, 135890000), (58292500, 135890000)]
INFO: board_modifier.py:499: Track added
INFO: board_modifier.py:494: Adding track segment (F.Cu): [(58292500, 135890000), (66992500, 127190000)]
DEBUG: board_modifier.py:504: Could not add track segment due to detected collision
INFO: board_modifier.py:494: Adding track segment (F.Cu): [(55562500, 135890000), (64262500, 127190000)]
INFO: board_modifier.py:499: Track added
INFO: board_modifier.py:494: Adding track segment (F.Cu): [(64262500, 127190000), (66992500, 127190000)]
INFO: board_modifier.py:499: Track added
INFO: key_placer.py:483: Routing SW68 with D68
INFO: key_placer.py:485: Using internal autorouter method
DEBUG: board_modifier.py:578: Routing at F.Cu layer
DEBUG: board_modifier.py:595: Netclass: Default, track width: 200000
DEBUG: board_modifier.py:658: Routing pad 'SW68:2' at (34131250, 135890000) with pad 'D68:2' at (45561250, 127190000) using coordinate system rotated by 0 degree(s)
INFO: board_modifier.py:494: Adding track segment (F.Cu): [(34131250, 135890000), (36861250, 135890000)]
INFO: board_modifier.py:499: Track added
INFO: board_modifier.py:494: Adding track segment (F.Cu): [(36861250, 135890000), (45561250, 127190000)]
DEBUG: board_modifier.py:504: Could not add track segment due to detected collision
INFO: board_modifier.py:494: Adding track segment (F.Cu): [(34131250, 135890000), (42831250, 127190000)]
INFO: board_modifier.py:499: Track added
INFO: board_modifier.py:494: Adding track segment (F.Cu): [(42831250, 127190000), (45561250, 127190000)]
INFO: board_modifier.py:499: Track added
INFO: key_placer.py:483: Routing SW67 with D67
INFO: key_placer.py:485: Using internal autorouter method
DEBUG: board_modifier.py:578: Routing at F.Cu layer
DEBUG: board_modifier.py:595: Netclass: Default, track width: 200000
DEBUG: board_modifier.py:658: Routing pad 'SW67:2' at (279400000, 116840000) with pad 'D67:2' at (290830000, 108140000) using coordinate system rotated by 0 degree(s)
INFO: board_modifier.py:494: Adding track segment (F.Cu): [(279400000, 116840000), (282130000, 116840000)]
INFO: board_modifier.py:499: Track added
INFO: board_modifier.py:494: Adding track segment (F.Cu): [(282130000, 116840000), (290830000, 108140000)]
DEBUG: board_modifier.py:504: Could not add track segment due to detected collision
INFO: board_modifier.py:494: Adding track segment (F.Cu): [(279400000, 116840000), (288100000, 108140000)]
INFO: board_modifier.py:499: Track added
INFO: board_modifier.py:494: Adding track segment (F.Cu): [(288100000, 108140000), (290830000, 108140000)]
INFO: board_modifier.py:499: Track added
INFO: key_placer.py:483: Routing SW66 with D66
INFO: key_placer.py:485: Using internal autorouter method
DEBUG: board_modifier.py:578: Routing at F.Cu layer
DEBUG: board_modifier.py:595: Netclass: Default, track width: 200000
DEBUG: board_modifier.py:658: Routing pad 'SW66:2' at (246062500, 116840000) with pad 'D66:2' at (257492500, 108140000) using coordinate system rotated by 0 degree(s)
INFO: board_modifier.py:494: Adding track segment (F.Cu): [(246062500, 116840000), (248792500, 116840000)]
INFO: board_modifier.py:499: Track added
INFO: board_modifier.py:494: Adding track segment (F.Cu): [(248792500, 116840000), (257492500, 108140000)]
DEBUG: board_modifier.py:504: Could not add track segment due to detected collision
INFO: board_modifier.py:494: Adding track segment (F.Cu): [(246062500, 116840000), (254762500, 108140000)]
INFO: board_modifier.py:499: Track added
INFO: board_modifier.py:494: Adding track segment (F.Cu): [(254762500, 108140000), (257492500, 108140000)]
INFO: board_modifier.py:499: Track added
INFO: key_placer.py:483: Routing SW65 with D65
INFO: key_placer.py:485: Using internal autorouter method
DEBUG: board_modifier.py:578: Routing at F.Cu layer
DEBUG: board_modifier.py:595: Netclass: Default, track width: 200000
DEBUG: board_modifier.py:658: Routing pad 'SW65:2' at (227012500, 116840000) with pad 'D65:2' at (238442500, 108140000) using coordinate system rotated by 0 degree(s)
INFO: board_modifier.py:494: Adding track segment (F.Cu): [(227012500, 116840000), (229742500, 116840000)]
INFO: board_modifier.py:499: Track added
INFO: board_modifier.py:494: Adding track segment (F.Cu): [(229742500, 116840000), (238442500, 108140000)]
DEBUG: board_modifier.py:504: Could not add track segment due to detected collision
INFO: board_modifier.py:494: Adding track segment (F.Cu): [(227012500, 116840000), (235712500, 108140000)]
INFO: board_modifier.py:499: Track added
INFO: board_modifier.py:494: Adding track segment (F.Cu): [(235712500, 108140000), (238442500, 108140000)]
INFO: board_modifier.py:499: Track added
INFO: key_placer.py:483: Routing SW64 with D64
INFO: key_placer.py:485: Using internal autorouter method
DEBUG: board_modifier.py:578: Routing at F.Cu layer
DEBUG: board_modifier.py:595: Netclass: Default, track width: 200000
DEBUG: board_modifier.py:658: Routing pad 'SW64:2' at (207962500, 116840000) with pad 'D64:2' at (219392500, 108140000) using coordinate system rotated by 0 degree(s)
INFO: board_modifier.py:494: Adding track segment (F.Cu): [(207962500, 116840000), (210692500, 116840000)]
INFO: board_modifier.py:499: Track added
INFO: board_modifier.py:494: Adding track segment (F.Cu): [(210692500, 116840000), (219392500, 108140000)]
DEBUG: board_modifier.py:504: Could not add track segment due to detected collision
INFO: board_modifier.py:494: Adding track segment (F.Cu): [(207962500, 116840000), (216662500, 108140000)]
INFO: board_modifier.py:499: Track added
INFO: board_modifier.py:494: Adding track segment (F.Cu): [(216662500, 108140000), (219392500, 108140000)]
INFO: board_modifier.py:499: Track added
INFO: key_placer.py:483: Routing SW63 with D63
INFO: key_placer.py:485: Using internal autorouter method
DEBUG: board_modifier.py:578: Routing at F.Cu layer
DEBUG: board_modifier.py:595: Netclass: Default, track width: 200000
DEBUG: board_modifier.py:658: Routing pad 'SW63:2' at (188912500, 116840000) with pad 'D63:2' at (200342500, 108140000) using coordinate system rotated by 0 degree(s)
INFO: board_modifier.py:494: Adding track segment (F.Cu): [(188912500, 116840000), (191642500, 116840000)]
INFO: board_modifier.py:499: Track added
INFO: board_modifier.py:494: Adding track segment (F.Cu): [(191642500, 116840000), (200342500, 108140000)]
DEBUG: board_modifier.py:504: Could not add track segment due to detected collision
INFO: board_modifier.py:494: Adding track segment (F.Cu): [(188912500, 116840000), (197612500, 108140000)]
INFO: board_modifier.py:499: Track added
INFO: board_modifier.py:494: Adding track segment (F.Cu): [(197612500, 108140000), (200342500, 108140000)]
INFO: board_modifier.py:499: Track added
INFO: key_placer.py:483: Routing SW62 with D62
INFO: key_placer.py:485: Using internal autorouter method
DEBUG: board_modifier.py:578: Routing at F.Cu layer
DEBUG: board_modifier.py:595: Netclass: Default, track width: 200000
DEBUG: board_modifier.py:658: Routing pad 'SW62:2' at (169862500, 116840000) with pad 'D62:2' at (181292500, 108140000) using coordinate system rotated by 0 degree(s)
INFO: board_modifier.py:494: Adding track segment (F.Cu): [(169862500, 116840000), (172592500, 116840000)]
INFO: board_modifier.py:499: Track added
INFO: board_modifier.py:494: Adding track segment (F.Cu): [(172592500, 116840000), (181292500, 108140000)]
DEBUG: board_modifier.py:504: Could not add track segment due to detected collision
INFO: board_modifier.py:494: Adding track segment (F.Cu): [(169862500, 116840000), (178562500, 108140000)]
INFO: board_modifier.py:499: Track added
INFO: board_modifier.py:494: Adding track segment (F.Cu): [(178562500, 108140000), (181292500, 108140000)]
INFO: board_modifier.py:499: Track added
INFO: key_placer.py:483: Routing SW61 with D61
INFO: key_placer.py:485: Using internal autorouter method
DEBUG: board_modifier.py:578: Routing at F.Cu layer
DEBUG: board_modifier.py:595: Netclass: Default, track width: 200000
DEBUG: board_modifier.py:658: Routing pad 'SW61:2' at (150812500, 116840000) with pad 'D61:2' at (162242500, 108140000) using coordinate system rotated by 0 degree(s)
INFO: board_modifier.py:494: Adding track segment (F.Cu): [(150812500, 116840000), (153542500, 116840000)]
INFO: board_modifier.py:499: Track added
INFO: board_modifier.py:494: Adding track segment (F.Cu): [(153542500, 116840000), (162242500, 108140000)]
DEBUG: board_modifier.py:504: Could not add track segment due to detected collision
INFO: board_modifier.py:494: Adding track segment (F.Cu): [(150812500, 116840000), (159512500, 108140000)]
INFO: board_modifier.py:499: Track added
INFO: board_modifier.py:494: Adding track segment (F.Cu): [(159512500, 108140000), (162242500, 108140000)]
INFO: board_modifier.py:499: Track added
INFO: key_placer.py:483: Routing SW60 with D60
INFO: key_placer.py:485: Using internal autorouter method
DEBUG: board_modifier.py:578: Routing at F.Cu layer
DEBUG: board_modifier.py:595: Netclass: Default, track width: 200000
DEBUG: board_modifier.py:658: Routing pad 'SW60:2' at (131762500, 116840000) with pad 'D60:2' at (143192500, 108140000) using coordinate system rotated by 0 degree(s)
INFO: board_modifier.py:494: Adding track segment (F.Cu): [(131762500, 116840000), (134492500, 116840000)]
INFO: board_modifier.py:499: Track added
INFO: board_modifier.py:494: Adding track segment (F.Cu): [(134492500, 116840000), (143192500, 108140000)]
DEBUG: board_modifier.py:504: Could not add track segment due to detected collision
INFO: board_modifier.py:494: Adding track segment (F.Cu): [(131762500, 116840000), (140462500, 108140000)]
INFO: board_modifier.py:499: Track added
INFO: board_modifier.py:494: Adding track segment (F.Cu): [(140462500, 108140000), (143192500, 108140000)]
INFO: board_modifier.py:499: Track added
INFO: key_placer.py:483: Routing SW59 with D59
INFO: key_placer.py:485: Using internal autorouter method
DEBUG: board_modifier.py:578: Routing at F.Cu layer
DEBUG: board_modifier.py:595: Netclass: Default, track width: 200000
DEBUG: board_modifier.py:658: Routing pad 'SW59:2' at (112712500, 116840000) with pad 'D59:2' at (124142500, 108140000) using coordinate system rotated by 0 degree(s)
INFO: board_modifier.py:494: Adding track segment (F.Cu): [(112712500, 116840000), (115442500, 116840000)]
INFO: board_modifier.py:499: Track added
INFO: board_modifier.py:494: Adding track segment (F.Cu): [(115442500, 116840000), (124142500, 108140000)]
DEBUG: board_modifier.py:504: Could not add track segment due to detected collision
INFO: board_modifier.py:494: Adding track segment (F.Cu): [(112712500, 116840000), (121412500, 108140000)]
INFO: board_modifier.py:499: Track added
INFO: board_modifier.py:494: Adding track segment (F.Cu): [(121412500, 108140000), (124142500, 108140000)]
INFO: board_modifier.py:499: Track added
INFO: key_placer.py:483: Routing SW58 with D58
INFO: key_placer.py:485: Using internal autorouter method
DEBUG: board_modifier.py:578: Routing at F.Cu layer
DEBUG: board_modifier.py:595: Netclass: Default, track width: 200000
DEBUG: board_modifier.py:658: Routing pad 'SW58:2' at (93662500, 116840000) with pad 'D58:2' at (105092500, 108140000) using coordinate system rotated by 0 degree(s)
INFO: board_modifier.py:494: Adding track segment (F.Cu): [(93662500, 116840000), (96392500, 116840000)]
INFO: board_modifier.py:499: Track added
INFO: board_modifier.py:494: Adding track segment (F.Cu): [(96392500, 116840000), (105092500, 108140000)]
DEBUG: board_modifier.py:504: Could not add track segment due to detected collision
INFO: board_modifier.py:494: Adding track segment (F.Cu): [(93662500, 116840000), (102362500, 108140000)]
INFO: board_modifier.py:499: Track added
INFO: board_modifier.py:494: Adding track segment (F.Cu): [(102362500, 108140000), (105092500, 108140000)]
INFO: board_modifier.py:499: Track added
INFO: key_placer.py:483: Routing SW57 with D57
INFO: key_placer.py:485: Using internal autorouter method
DEBUG: board_modifier.py:578: Routing at F.Cu layer
DEBUG: board_modifier.py:595: Netclass: Default, track width: 200000
DEBUG: board_modifier.py:658: Routing pad 'SW57:2' at (74612500, 116840000) with pad 'D57:2' at (86042500, 108140000) using coordinate system rotated by 0 degree(s)
INFO: board_modifier.py:494: Adding track segment (F.Cu): [(74612500, 116840000), (77342500, 116840000)]
INFO: board_modifier.py:499: Track added
INFO: board_modifier.py:494: Adding track segment (F.Cu): [(77342500, 116840000), (86042500, 108140000)]
DEBUG: board_modifier.py:504: Could not add track segment due to detected collision
INFO: board_modifier.py:494: Adding track segment (F.Cu): [(74612500, 116840000), (83312500, 108140000)]
INFO: board_modifier.py:499: Track added
INFO: board_modifier.py:494: Adding track segment (F.Cu): [(83312500, 108140000), (86042500, 108140000)]
INFO: board_modifier.py:499: Track added
INFO: key_placer.py:483: Routing SW56 with D56
INFO: key_placer.py:485: Using internal autorouter method
DEBUG: board_modifier.py:578: Routing at F.Cu layer
DEBUG: board_modifier.py:595: Netclass: Default, track width: 200000
DEBUG: board_modifier.py:658: Routing pad 'SW56:2' at (43656250, 116840000) with pad 'D56:2' at (55086250, 108140000) using coordinate system rotated by 0 degree(s)
INFO: board_modifier.py:494: Adding track segment (F.Cu): [(43656250, 116840000), (46386250, 116840000)]
INFO: board_modifier.py:499: Track added
INFO: board_modifier.py:494: Adding track segment (F.Cu): [(46386250, 116840000), (55086250, 108140000)]
DEBUG: board_modifier.py:504: Could not add track segment due to detected collision
INFO: board_modifier.py:494: Adding track segment (F.Cu): [(43656250, 116840000), (52356250, 108140000)]
INFO: board_modifier.py:499: Track added
INFO: board_modifier.py:494: Adding track segment (F.Cu): [(52356250, 108140000), (55086250, 108140000)]
INFO: board_modifier.py:499: Track added
INFO: key_placer.py:483: Routing SW55 with D55
INFO: key_placer.py:485: Using internal autorouter method
DEBUG: board_modifier.py:578: Routing at F.Cu layer
DEBUG: board_modifier.py:595: Netclass: Default, track width: 200000
DEBUG: board_modifier.py:658: Routing pad 'SW55:2' at (286543750, 97790000) with pad 'D55:2' at (297973750, 89090000) using coordinate system rotated by 0 degree(s)
INFO: board_modifier.py:494: Adding track segment (F.Cu): [(286543750, 97790000), (289273750, 97790000)]
INFO: board_modifier.py:499: Track added
INFO: board_modifier.py:494: Adding track segment (F.Cu): [(289273750, 97790000), (297973750, 89090000)]
DEBUG: board_modifier.py:504: Could not add track segment due to detected collision
INFO: board_modifier.py:494: Adding track segment (F.Cu): [(286543750, 97790000), (295243750, 89090000)]
INFO: board_modifier.py:499: Track added
INFO: board_modifier.py:494: Adding track segment (F.Cu): [(295243750, 89090000), (297973750, 89090000)]
INFO: board_modifier.py:499: Track added
INFO: key_placer.py:483: Routing SW54 with D54
INFO: key_placer.py:485: Using internal autorouter method
DEBUG: board_modifier.py:578: Routing at F.Cu layer
DEBUG: board_modifier.py:595: Netclass: Default, track width: 200000
DEBUG: board_modifier.py:658: Routing pad 'SW54:2' at (255587500, 97790000) with pad 'D54:2' at (267017500, 89090000) using coordinate system rotated by 0 degree(s)
INFO: board_modifier.py:494: Adding track segment (F.Cu): [(255587500, 97790000), (258317500, 97790000)]
DEBUG: board_modifier.py:504: Could not add track segment due to detected collision
INFO: board_modifier.py:494: Adding track segment (F.Cu): [(255587500, 97790000), (264287500, 89090000)]
DEBUG: board_modifier.py:504: Could not add track segment due to detected collision
INFO: key_placer.py:483: Routing SW53 with D53
INFO: key_placer.py:485: Using internal autorouter method
DEBUG: board_modifier.py:578: Routing at F.Cu layer
DEBUG: board_modifier.py:595: Netclass: Default, track width: 200000
DEBUG: board_modifier.py:658: Routing pad 'SW53:2' at (236537500, 97790000) with pad 'D53:2' at (247967500, 89090000) using coordinate system rotated by 0 degree(s)
INFO: board_modifier.py:494: Adding track segment (F.Cu): [(236537500, 97790000), (239267500, 97790000)]
DEBUG: board_modifier.py:504: Could not add track segment due to detected collision
INFO: board_modifier.py:494: Adding track segment (F.Cu): [(236537500, 97790000), (245237500, 89090000)]
DEBUG: board_modifier.py:504: Could not add track segment due to detected collision
INFO: key_placer.py:483: Routing SW52 with D52
INFO: key_placer.py:485: Using internal autorouter method
DEBUG: board_modifier.py:578: Routing at F.Cu layer
DEBUG: board_modifier.py:595: Netclass: Default, track width: 200000
DEBUG: board_modifier.py:658: Routing pad 'SW52:2' at (217487500, 97790000) with pad 'D52:2' at (228917500, 89090000) using coordinate system rotated by 0 degree(s)
INFO: board_modifier.py:494: Adding track segment (F.Cu): [(217487500, 97790000), (220217500, 97790000)]
INFO: board_modifier.py:499: Track added
INFO: board_modifier.py:494: Adding track segment (F.Cu): [(220217500, 97790000), (228917500, 89090000)]
DEBUG: board_modifier.py:504: Could not add track segment due to detected collision
INFO: board_modifier.py:494: Adding track segment (F.Cu): [(217487500, 97790000), (226187500, 89090000)]
INFO: board_modifier.py:499: Track added
INFO: board_modifier.py:494: Adding track segment (F.Cu): [(226187500, 89090000), (228917500, 89090000)]
INFO: board_modifier.py:499: Track added
INFO: key_placer.py:483: Routing SW51 with D51
INFO: key_placer.py:485: Using internal autorouter method
DEBUG: board_modifier.py:578: Routing at F.Cu layer
DEBUG: board_modifier.py:595: Netclass: Default, track width: 200000
DEBUG: board_modifier.py:658: Routing pad 'SW51:2' at (198437500, 97790000) with pad 'D51:2' at (209867500, 89090000) using coordinate system rotated by 0 degree(s)
INFO: board_modifier.py:494: Adding track segment (F.Cu): [(198437500, 97790000), (201167500, 97790000)]
INFO: board_modifier.py:499: Track added
INFO: board_modifier.py:494: Adding track segment (F.Cu): [(201167500, 97790000), (209867500, 89090000)]
DEBUG: board_modifier.py:504: Could not add track segment due to detected collision
INFO: board_modifier.py:494: Adding track segment (F.Cu): [(198437500, 97790000), (207137500, 89090000)]
INFO: board_modifier.py:499: Track added
INFO: board_modifier.py:494: Adding track segment (F.Cu): [(207137500, 89090000), (209867500, 89090000)]
INFO: board_modifier.py:499: Track added
INFO: key_placer.py:483: Routing SW50 with D50
INFO: key_placer.py:485: Using internal autorouter method
DEBUG: board_modifier.py:578: Routing at F.Cu layer
DEBUG: board_modifier.py:595: Netclass: Default, track width: 200000
DEBUG: board_modifier.py:658: Routing pad 'SW50:2' at (179387500, 97790000) with pad 'D50:2' at (190817500, 89090000) using coordinate system rotated by 0 degree(s)
INFO: board_modifier.py:494: Adding track segment (F.Cu): [(179387500, 97790000), (182117500, 97790000)]
DEBUG: board_modifier.py:504: Could not add track segment due to detected collision
INFO: board_modifier.py:494: Adding track segment (F.Cu): [(179387500, 97790000), (188087500, 89090000)]
INFO: board_modifier.py:499: Track added
INFO: board_modifier.py:494: Adding track segment (F.Cu): [(188087500, 89090000), (190817500, 89090000)]
INFO: board_modifier.py:499: Track added
INFO: key_placer.py:483: Routing SW49 with D49
INFO: key_placer.py:485: Using internal autorouter method
DEBUG: board_modifier.py:578: Routing at F.Cu layer
DEBUG: board_modifier.py:595: Netclass: Default, track width: 200000
DEBUG: board_modifier.py:658: Routing pad 'SW49:2' at (160337500, 97790000) with pad 'D49:2' at (171767500, 89090000) using coordinate system rotated by 0 degree(s)
INFO: board_modifier.py:494: Adding track segment (F.Cu): [(160337500, 97790000), (163067500, 97790000)]
INFO: board_modifier.py:499: Track added
INFO: board_modifier.py:494: Adding track segment (F.Cu): [(163067500, 97790000), (171767500, 89090000)]
DEBUG: board_modifier.py:504: Could not add track segment due to detected collision
INFO: board_modifier.py:494: Adding track segment (F.Cu): [(160337500, 97790000), (169037500, 89090000)]
INFO: board_modifier.py:499: Track added
INFO: board_modifier.py:494: Adding track segment (F.Cu): [(169037500, 89090000), (171767500, 89090000)]
INFO: board_modifier.py:499: Track added
INFO: key_placer.py:483: Routing SW48 with D48
INFO: key_placer.py:485: Using internal autorouter method
DEBUG: board_modifier.py:578: Routing at F.Cu layer
DEBUG: board_modifier.py:595: Netclass: Default, track width: 200000
DEBUG: board_modifier.py:658: Routing pad 'SW48:2' at (141287500, 97790000) with pad 'D48:2' at (152717500, 89090000) using coordinate system rotated by 0 degree(s)
INFO: board_modifier.py:494: Adding track segment (F.Cu): [(141287500, 97790000), (144017500, 97790000)]
INFO: board_modifier.py:499: Track added
INFO: board_modifier.py:494: Adding track segment (F.Cu): [(144017500, 97790000), (152717500, 89090000)]
DEBUG: board_modifier.py:504: Could not add track segment due to detected collision
INFO: board_modifier.py:494: Adding track segment (F.Cu): [(141287500, 97790000), (149987500, 89090000)]
INFO: board_modifier.py:499: Track added
INFO: board_modifier.py:494: Adding track segment (F.Cu): [(149987500, 89090000), (152717500, 89090000)]
INFO: board_modifier.py:499: Track added
INFO: key_placer.py:483: Routing SW47 with D47
INFO: key_placer.py:485: Using internal autorouter method
DEBUG: board_modifier.py:578: Routing at F.Cu layer
DEBUG: board_modifier.py:595: Netclass: Default, track width: 200000
DEBUG: board_modifier.py:658: Routing pad 'SW47:2' at (122237500, 97790000) with pad 'D47:2' at (133667500, 89090000) using coordinate system rotated by 0 degree(s)
INFO: board_modifier.py:494: Adding track segment (F.Cu): [(122237500, 97790000), (124967500, 97790000)]
INFO: board_modifier.py:499: Track added
INFO: board_modifier.py:494: Adding track segment (F.Cu): [(124967500, 97790000), (133667500, 89090000)]
DEBUG: board_modifier.py:504: Could not add track segment due to detected collision
INFO: board_modifier.py:494: Adding track segment (F.Cu): [(122237500, 97790000), (130937500, 89090000)]
INFO: board_modifier.py:499: Track added
INFO: board_modifier.py:494: Adding track segment (F.Cu): [(130937500, 89090000), (133667500, 89090000)]
INFO: board_modifier.py:499: Track added
INFO: key_placer.py:483: Routing SW46 with D46
INFO: key_placer.py:485: Using internal autorouter method
DEBUG: board_modifier.py:578: Routing at F.Cu layer
DEBUG: board_modifier.py:595: Netclass: Default, track width: 200000
DEBUG: board_modifier.py:658: Routing pad 'SW46:2' at (103187500, 97790000) with pad 'D46:2' at (114617500, 89090000) using coordinate system rotated by 0 degree(s)
INFO: board_modifier.py:494: Adding track segment (F.Cu): [(103187500, 97790000), (105917500, 97790000)]
INFO: board_modifier.py:499: Track added
INFO: board_modifier.py:494: Adding track segment (F.Cu): [(105917500, 97790000), (114617500, 89090000)]
DEBUG: board_modifier.py:504: Could not add track segment due to detected collision
INFO: board_modifier.py:494: Adding track segment (F.Cu): [(103187500, 97790000), (111887500, 89090000)]
INFO: board_modifier.py:499: Track added
INFO: board_modifier.py:494: Adding track segment (F.Cu): [(111887500, 89090000), (114617500, 89090000)]
INFO: board_modifier.py:499: Track added
INFO: key_placer.py:483: Routing SW45 with D45
INFO: key_placer.py:485: Using internal autorouter method
DEBUG: board_modifier.py:578: Routing at F.Cu layer
DEBUG: board_modifier.py:595: Netclass: Default, track width: 200000
DEBUG: board_modifier.py:658: Routing pad 'SW45:2' at (84137500, 97790000) with pad 'D45:2' at (95567500, 89090000) using coordinate system rotated by 0 degree(s)
INFO: board_modifier.py:494: Adding track segment (F.Cu): [(84137500, 97790000), (86867500, 97790000)]
INFO: board_modifier.py:499: Track added
INFO: board_modifier.py:494: Adding track segment (F.Cu): [(86867500, 97790000), (95567500, 89090000)]
DEBUG: board_modifier.py:504: Could not add track segment due to detected collision
INFO: board_modifier.py:494: Adding track segment (F.Cu): [(84137500, 97790000), (92837500, 89090000)]
INFO: board_modifier.py:499: Track added
INFO: board_modifier.py:494: Adding track segment (F.Cu): [(92837500, 89090000), (95567500, 89090000)]
INFO: board_modifier.py:499: Track added
INFO: key_placer.py:483: Routing SW44 with D44
INFO: key_placer.py:485: Using internal autorouter method
DEBUG: board_modifier.py:578: Routing at F.Cu layer
DEBUG: board_modifier.py:595: Netclass: Default, track width: 200000
DEBUG: board_modifier.py:658: Routing pad 'SW44:2' at (65087500, 97790000) with pad 'D44:2' at (76517500, 89090000) using coordinate system rotated by 0 degree(s)
INFO: board_modifier.py:494: Adding track segment (F.Cu): [(65087500, 97790000), (67817500, 97790000)]
INFO: board_modifier.py:499: Track added
INFO: board_modifier.py:494: Adding track segment (F.Cu): [(67817500, 97790000), (76517500, 89090000)]
DEBUG: board_modifier.py:504: Could not add track segment due to detected collision
INFO: board_modifier.py:494: Adding track segment (F.Cu): [(65087500, 97790000), (73787500, 89090000)]
INFO: board_modifier.py:499: Track added
INFO: board_modifier.py:494: Adding track segment (F.Cu): [(73787500, 89090000), (76517500, 89090000)]
INFO: board_modifier.py:499: Track added
INFO: key_placer.py:483: Routing SW43 with D43
INFO: key_placer.py:485: Using internal autorouter method
DEBUG: board_modifier.py:578: Routing at F.Cu layer
DEBUG: board_modifier.py:595: Netclass: Default, track width: 200000
DEBUG: board_modifier.py:658: Routing pad 'SW43:2' at (38893750, 97790000) with pad 'D43:2' at (50323750, 89090000) using coordinate system rotated by 0 degree(s)
INFO: board_modifier.py:494: Adding track segment (F.Cu): [(38893750, 97790000), (41623750, 97790000)]
INFO: board_modifier.py:499: Track added
INFO: board_modifier.py:494: Adding track segment (F.Cu): [(41623750, 97790000), (50323750, 89090000)]
DEBUG: board_modifier.py:504: Could not add track segment due to detected collision
INFO: board_modifier.py:494: Adding track segment (F.Cu): [(38893750, 97790000), (47593750, 89090000)]
INFO: board_modifier.py:499: Track added
INFO: board_modifier.py:494: Adding track segment (F.Cu): [(47593750, 89090000), (50323750, 89090000)]
INFO: board_modifier.py:499: Track added
INFO: key_placer.py:483: Routing SW42 with D42
INFO: key_placer.py:485: Using internal autorouter method
DEBUG: board_modifier.py:578: Routing at F.Cu layer
DEBUG: board_modifier.py:595: Netclass: Default, track width: 200000
DEBUG: board_modifier.py:658: Routing pad 'SW42:2' at (293687500, 78740000) with pad 'D42:2' at (305117500, 70040000) using coordinate system rotated by 0 degree(s)
INFO: board_modifier.py:494: Adding track segment (F.Cu): [(293687500, 78740000), (296417500, 78740000)]
INFO: board_modifier.py:499: Track added
INFO: board_modifier.py:494: Adding track segment (F.Cu): [(296417500, 78740000), (305117500, 70040000)]
DEBUG: board_modifier.py:504: Could not add track segment due to detected collision
INFO: board_modifier.py:494: Adding track segment (F.Cu): [(293687500, 78740000), (302387500, 70040000)]
INFO: board_modifier.py:499: Track added
INFO: board_modifier.py:494: Adding track segment (F.Cu): [(302387500, 70040000), (305117500, 70040000)]
INFO: board_modifier.py:499: Track added
INFO: key_placer.py:483: Routing SW41 with D41
INFO: key_placer.py:485: Using internal autorouter method
DEBUG: board_modifier.py:578: Routing at F.Cu layer
DEBUG: board_modifier.py:595: Netclass: Default, track width: 200000
DEBUG: board_modifier.py:658: Routing pad 'SW41:2' at (269875000, 78740000) with pad 'D41:2' at (281305000, 70040000) using coordinate system rotated by 0 degree(s)
INFO: board_modifier.py:494: Adding track segment (F.Cu): [(269875000, 78740000), (272605000, 78740000)]
INFO: board_modifier.py:499: Track added
INFO: board_modifier.py:494: Adding track segment (F.Cu): [(272605000, 78740000), (281305000, 70040000)]
DEBUG: board_modifier.py:504: Could not add track segment due to detected collision
INFO: board_modifier.py:494: Adding track segment (F.Cu): [(269875000, 78740000), (278575000, 70040000)]
INFO: board_modifier.py:499: Track added
INFO: board_modifier.py:494: Adding track segment (F.Cu): [(278575000, 70040000), (281305000, 70040000)]
INFO: board_modifier.py:499: Track added
INFO: key_placer.py:483: Routing SW40 with D40
INFO: key_placer.py:485: Using internal autorouter method
DEBUG: board_modifier.py:578: Routing at F.Cu layer
DEBUG: board_modifier.py:595: Netclass: Default, track width: 200000
DEBUG: board_modifier.py:658: Routing pad 'SW40:2' at (250825000, 78740000) with pad 'D40:2' at (262255000, 70040000) using coordinate system rotated by 0 degree(s)
INFO: board_modifier.py:494: Adding track segment (F.Cu): [(250825000, 78740000), (253555000, 78740000)]
INFO: board_modifier.py:499: Track added
INFO: board_modifier.py:494: Adding track segment (F.Cu): [(253555000, 78740000), (262255000, 70040000)]
DEBUG: board_modifier.py:504: Could not add track segment due to detected collision
INFO: board_modifier.py:494: Adding track segment (F.Cu): [(250825000, 78740000), (259525000, 70040000)]
INFO: board_modifier.py:499: Track added
INFO: board_modifier.py:494: Adding track segment (F.Cu): [(259525000, 70040000), (262255000, 70040000)]
INFO: board_modifier.py:499: Track added
INFO: key_placer.py:483: Routing SW39 with D39
INFO: key_placer.py:485: Using internal autorouter method
DEBUG: board_modifier.py:578: Routing at F.Cu layer
DEBUG: board_modifier.py:595: Netclass: Default, track width: 200000
DEBUG: board_modifier.py:658: Routing pad 'SW39:2' at (231775000, 78740000) with pad 'D39:2' at (243205000, 70040000) using coordinate system rotated by 0 degree(s)
INFO: board_modifier.py:494: Adding track segment (F.Cu): [(231775000, 78740000), (234505000, 78740000)]
INFO: board_modifier.py:499: Track added
INFO: board_modifier.py:494: Adding track segment (F.Cu): [(234505000, 78740000), (243205000, 70040000)]
DEBUG: board_modifier.py:504: Could not add track segment due to detected collision
INFO: board_modifier.py:494: Adding track segment (F.Cu): [(231775000, 78740000), (240475000, 70040000)]
INFO: board_modifier.py:499: Track added
INFO: board_modifier.py:494: Adding track segment (F.Cu): [(240475000, 70040000), (243205000, 70040000)]
INFO: board_modifier.py:499: Track added
INFO: key_placer.py:483: Routing SW38 with D38
INFO: key_placer.py:485: Using internal autorouter method
DEBUG: board_modifier.py:578: Routing at F.Cu layer
DEBUG: board_modifier.py:595: Netclass: Default, track width: 200000
DEBUG: board_modifier.py:658: Routing pad 'SW38:2' at (212725000, 78740000) with pad 'D38:2' at (224155000, 70040000) using coordinate system rotated by 0 degree(s)
INFO: board_modifier.py:494: Adding track segment (F.Cu): [(212725000, 78740000), (215455000, 78740000)]
INFO: board_modifier.py:499: Track added
INFO: board_modifier.py:494: Adding track segment (F.Cu): [(215455000, 78740000), (224155000, 70040000)]
DEBUG: board_modifier.py:504: Could not add track segment due to detected collision
INFO: board_modifier.py:494: Adding track segment (F.Cu): [(212725000, 78740000), (221425000, 70040000)]
INFO: board_modifier.py:499: Track added
INFO: board_modifier.py:494: Adding track segment (F.Cu): [(221425000, 70040000), (224155000, 70040000)]
INFO: board_modifier.py:499: Track added
INFO: key_placer.py:483: Routing SW37 with D37
INFO: key_placer.py:485: Using internal autorouter method
DEBUG: board_modifier.py:578: Routing at F.Cu layer
DEBUG: board_modifier.py:595: Netclass: Default, track width: 200000
DEBUG: board_modifier.py:658: Routing pad 'SW37:2' at (193675000, 78740000) with pad 'D37:2' at (205105000, 70040000) using coordinate system rotated by 0 degree(s)
INFO: board_modifier.py:494: Adding track segment (F.Cu): [(193675000, 78740000), (196405000, 78740000)]
INFO: board_modifier.py:499: Track added
INFO: board_modifier.py:494: Adding track segment (F.Cu): [(196405000, 78740000), (205105000, 70040000)]
DEBUG: board_modifier.py:504: Could not add track segment due to detected collision
INFO: board_modifier.py:494: Adding track segment (F.Cu): [(193675000, 78740000), (202375000, 70040000)]
INFO: board_modifier.py:499: Track added
INFO: board_modifier.py:494: Adding track segment (F.Cu): [(202375000, 70040000), (205105000, 70040000)]
INFO: board_modifier.py:499: Track added
INFO: key_placer.py:483: Routing SW36 with D36
INFO: key_placer.py:485: Using internal autorouter method
DEBUG: board_modifier.py:578: Routing at F.Cu layer
DEBUG: board_modifier.py:595: Netclass: Default, track width: 200000
DEBUG: board_modifier.py:658: Routing pad 'SW36:2' at (174625000, 78740000) with pad 'D36:2' at (186055000, 70040000) using coordinate system rotated by 0 degree(s)
INFO: board_modifier.py:494: Adding track segment (F.Cu): [(174625000, 78740000), (177355000, 78740000)]
DEBUG: board_modifier.py:504: Could not add track segment due to detected collision
INFO: board_modifier.py:494: Adding track segment (F.Cu): [(174625000, 78740000), (183325000, 70040000)]
DEBUG: board_modifier.py:504: Could not add track segment due to detected collision
INFO: key_placer.py:483: Routing SW35 with D35
INFO: key_placer.py:485: Using internal autorouter method
DEBUG: board_modifier.py:578: Routing at F.Cu layer
DEBUG: board_modifier.py:595: Netclass: Default, track width: 200000
DEBUG: board_modifier.py:658: Routing pad 'SW35:2' at (155575000, 78740000) with pad 'D35:2' at (167005000, 70040000) using coordinate system rotated by 0 degree(s)
INFO: board_modifier.py:494: Adding track segment (F.Cu): [(155575000, 78740000), (158305000, 78740000)]
INFO: board_modifier.py:499: Track added
INFO: board_modifier.py:494: Adding track segment (F.Cu): [(158305000, 78740000), (167005000, 70040000)]
DEBUG: board_modifier.py:504: Could not add track segment due to detected collision
INFO: board_modifier.py:494: Adding track segment (F.Cu): [(155575000, 78740000), (164275000, 70040000)]
INFO: board_modifier.py:499: Track added
INFO: board_modifier.py:494: Adding track segment (F.Cu): [(164275000, 70040000), (167005000, 70040000)]
INFO: board_modifier.py:499: Track added
INFO: key_placer.py:483: Routing SW34 with D34
INFO: key_placer.py:485: Using internal autorouter method
DEBUG: board_modifier.py:578: Routing at F.Cu layer
DEBUG: board_modifier.py:595: Netclass: Default, track width: 200000
DEBUG: board_modifier.py:658: Routing pad 'SW34:2' at (136525000, 78740000) with pad 'D34:2' at (147955000, 70040000) using coordinate system rotated by 0 degree(s)
INFO: board_modifier.py:494: Adding track segment (F.Cu): [(136525000, 78740000), (139255000, 78740000)]
INFO: board_modifier.py:499: Track added
INFO: board_modifier.py:494: Adding track segment (F.Cu): [(139255000, 78740000), (147955000, 70040000)]
DEBUG: board_modifier.py:504: Could not add track segment due to detected collision
INFO: board_modifier.py:494: Adding track segment (F.Cu): [(136525000, 78740000), (145225000, 70040000)]
INFO: board_modifier.py:499: Track added
INFO: board_modifier.py:494: Adding track segment (F.Cu): [(145225000, 70040000), (147955000, 70040000)]
INFO: board_modifier.py:499: Track added
INFO: key_placer.py:483: Routing SW33 with D33
INFO: key_placer.py:485: Using internal autorouter method
DEBUG: board_modifier.py:578: Routing at F.Cu layer
DEBUG: board_modifier.py:595: Netclass: Default, track width: 200000
DEBUG: board_modifier.py:658: Routing pad 'SW33:2' at (117475000, 78740000) with pad 'D33:2' at (128905000, 70040000) using coordinate system rotated by 0 degree(s)
INFO: board_modifier.py:494: Adding track segment (F.Cu): [(117475000, 78740000), (120205000, 78740000)]
INFO: board_modifier.py:499: Track added
INFO: board_modifier.py:494: Adding track segment (F.Cu): [(120205000, 78740000), (128905000, 70040000)]
DEBUG: board_modifier.py:504: Could not add track segment due to detected collision
INFO: board_modifier.py:494: Adding track segment (F.Cu): [(117475000, 78740000), (126175000, 70040000)]
INFO: board_modifier.py:499: Track added
INFO: board_modifier.py:494: Adding track segment (F.Cu): [(126175000, 70040000), (128905000, 70040000)]
INFO: board_modifier.py:499: Track added
INFO: key_placer.py:483: Routing SW32 with D32
INFO: key_placer.py:485: Using internal autorouter method
DEBUG: board_modifier.py:578: Routing at F.Cu layer
DEBUG: board_modifier.py:595: Netclass: Default, track width: 200000
DEBUG: board_modifier.py:658: Routing pad 'SW32:2' at (98425000, 78740000) with pad 'D32:2' at (109855000, 70040000) using coordinate system rotated by 0 degree(s)
INFO: board_modifier.py:494: Adding track segment (F.Cu): [(98425000, 78740000), (101155000, 78740000)]
INFO: board_modifier.py:499: Track added
INFO: board_modifier.py:494: Adding track segment (F.Cu): [(101155000, 78740000), (109855000, 70040000)]
DEBUG: board_modifier.py:504: Could not add track segment due to detected collision
INFO: board_modifier.py:494: Adding track segment (F.Cu): [(98425000, 78740000), (107125000, 70040000)]
INFO: board_modifier.py:499: Track added
INFO: board_modifier.py:494: Adding track segment (F.Cu): [(107125000, 70040000), (109855000, 70040000)]
INFO: board_modifier.py:499: Track added
INFO: key_placer.py:483: Routing SW31 with D31
INFO: key_placer.py:485: Using internal autorouter method
DEBUG: board_modifier.py:578: Routing at F.Cu layer
DEBUG: board_modifier.py:595: Netclass: Default, track width: 200000
DEBUG: board_modifier.py:658: Routing pad 'SW31:2' at (79375000, 78740000) with pad 'D31:2' at (90805000, 70040000) using coordinate system rotated by 0 degree(s)
INFO: board_modifier.py:494: Adding track segment (F.Cu): [(79375000, 78740000), (82105000, 78740000)]
INFO: board_modifier.py:499: Track added
INFO: board_modifier.py:494: Adding track segment (F.Cu): [(82105000, 78740000), (90805000, 70040000)]
DEBUG: board_modifier.py:504: Could not add track segment due to detected collision
INFO: board_modifier.py:494: Adding track segment (F.Cu): [(79375000, 78740000), (88075000, 70040000)]
INFO: board_modifier.py:499: Track added
INFO: board_modifier.py:494: Adding track segment (F.Cu): [(88075000, 70040000), (90805000, 70040000)]
INFO: board_modifier.py:499: Track added
INFO: key_placer.py:483: Routing SW30 with D30
INFO: key_placer.py:485: Using internal autorouter method
DEBUG: board_modifier.py:578: Routing at F.Cu layer
DEBUG: board_modifier.py:595: Netclass: Default, track width: 200000
DEBUG: board_modifier.py:658: Routing pad 'SW30:2' at (60325000, 78740000) with pad 'D30:2' at (71755000, 70040000) using coordinate system rotated by 0 degree(s)
INFO: board_modifier.py:494: Adding track segment (F.Cu): [(60325000, 78740000), (63055000, 78740000)]
INFO: board_modifier.py:499: Track added
INFO: board_modifier.py:494: Adding track segment (F.Cu): [(63055000, 78740000), (71755000, 70040000)]
DEBUG: board_modifier.py:504: Could not add track segment due to detected collision
INFO: board_modifier.py:494: Adding track segment (F.Cu): [(60325000, 78740000), (69025000, 70040000)]
INFO: board_modifier.py:499: Track added
INFO: board_modifier.py:494: Adding track segment (F.Cu): [(69025000, 70040000), (71755000, 70040000)]
INFO: board_modifier.py:499: Track added
INFO: key_placer.py:483: Routing SW29 with D29
INFO: key_placer.py:485: Using internal autorouter method
DEBUG: board_modifier.py:578: Routing at F.Cu layer
DEBUG: board_modifier.py:595: Netclass: Default, track width: 200000
DEBUG: board_modifier.py:658: Routing pad 'SW29:2' at (36512500, 78740000) with pad 'D29:2' at (47942500, 70040000) using coordinate system rotated by 0 degree(s)
INFO: board_modifier.py:494: Adding track segment (F.Cu): [(36512500, 78740000), (39242500, 78740000)]
INFO: board_modifier.py:499: Track added
INFO: board_modifier.py:494: Adding track segment (F.Cu): [(39242500, 78740000), (47942500, 70040000)]
DEBUG: board_modifier.py:504: Could not add track segment due to detected collision
INFO: board_modifier.py:494: Adding track segment (F.Cu): [(36512500, 78740000), (45212500, 70040000)]
INFO: board_modifier.py:499: Track added
INFO: board_modifier.py:494: Adding track segment (F.Cu): [(45212500, 70040000), (47942500, 70040000)]
INFO: board_modifier.py:499: Track added
INFO: key_placer.py:483: Routing SW28 with D28
INFO: key_placer.py:485: Using internal autorouter method
DEBUG: board_modifier.py:578: Routing at F.Cu layer
DEBUG: board_modifier.py:595: Netclass: Default, track width: 200000
DEBUG: board_modifier.py:658: Routing pad 'SW28:2' at (288925000, 59690000) with pad 'D28:2' at (300355000, 50990000) using coordinate system rotated by 0 degree(s)
INFO: board_modifier.py:494: Adding track segment (F.Cu): [(288925000, 59690000), (291655000, 59690000)]
INFO: board_modifier.py:499: Track added
INFO: board_modifier.py:494: Adding track segment (F.Cu): [(291655000, 59690000), (300355000, 50990000)]
DEBUG: board_modifier.py:504: Could not add track segment due to detected collision
INFO: board_modifier.py:494: Adding track segment (F.Cu): [(288925000, 59690000), (297625000, 50990000)]
INFO: board_modifier.py:499: Track added
INFO: board_modifier.py:494: Adding track segment (F.Cu): [(297625000, 50990000), (300355000, 50990000)]
INFO: board_modifier.py:499: Track added
INFO: key_placer.py:483: Routing SW27 with D27
INFO: key_placer.py:485: Using internal autorouter method
DEBUG: board_modifier.py:578: Routing at F.Cu layer
DEBUG: board_modifier.py:595: Netclass: Default, track width: 200000
DEBUG: board_modifier.py:658: Routing pad 'SW27:2' at (260350000, 59690000) with pad 'D27:2' at (271780000, 50990000) using coordinate system rotated by 0 degree(s)
INFO: board_modifier.py:494: Adding track segment (F.Cu): [(260350000, 59690000), (263080000, 59690000)]
INFO: board_modifier.py:499: Track added
INFO: board_modifier.py:494: Adding track segment (F.Cu): [(263080000, 59690000), (271780000, 50990000)]
DEBUG: board_modifier.py:504: Could not add track segment due to detected collision
INFO: board_modifier.py:494: Adding track segment (F.Cu): [(260350000, 59690000), (269050000, 50990000)]
INFO: board_modifier.py:499: Track added
INFO: board_modifier.py:494: Adding track segment (F.Cu): [(269050000, 50990000), (271780000, 50990000)]
INFO: board_modifier.py:499: Track added
INFO: key_placer.py:483: Routing SW26 with D26
INFO: key_placer.py:485: Using internal autorouter method
DEBUG: board_modifier.py:578: Routing at F.Cu layer
DEBUG: board_modifier.py:595: Netclass: Default, track width: 200000
DEBUG: board_modifier.py:658: Routing pad 'SW26:2' at (241300000, 59690000) with pad 'D26:2' at (252730000, 50990000) using coordinate system rotated by 0 degree(s)
INFO: board_modifier.py:494: Adding track segment (F.Cu): [(241300000, 59690000), (244030000, 59690000)]
INFO: board_modifier.py:499: Track added
INFO: board_modifier.py:494: Adding track segment (F.Cu): [(244030000, 59690000), (252730000, 50990000)]
DEBUG: board_modifier.py:504: Could not add track segment due to detected collision
INFO: board_modifier.py:494: Adding track segment (F.Cu): [(241300000, 59690000), (250000000, 50990000)]
INFO: board_modifier.py:499: Track added
INFO: board_modifier.py:494: Adding track segment (F.Cu): [(250000000, 50990000), (252730000, 50990000)]
INFO: board_modifier.py:499: Track added
INFO: key_placer.py:483: Routing SW25 with D25
INFO: key_placer.py:485: Using internal autorouter method
DEBUG: board_modifier.py:578: Routing at F.Cu layer
DEBUG: board_modifier.py:595: Netclass: Default, track width: 200000
DEBUG: board_modifier.py:658: Routing pad 'SW25:2' at (222250000, 59690000) with pad 'D25:2' at (233680000, 50990000) using coordinate system rotated by 0 degree(s)
INFO: board_modifier.py:494: Adding track segment (F.Cu): [(222250000, 59690000), (224980000, 59690000)]
INFO: board_modifier.py:499: Track added
INFO: board_modifier.py:494: Adding track segment (F.Cu): [(224980000, 59690000), (233680000, 50990000)]
DEBUG: board_modifier.py:504: Could not add track segment due to detected collision
INFO: board_modifier.py:494: Adding track segment (F.Cu): [(222250000, 59690000), (230950000, 50990000)]
INFO: board_modifier.py:499: Track added
INFO: board_modifier.py:494: Adding track segment (F.Cu): [(230950000, 50990000), (233680000, 50990000)]
INFO: board_modifier.py:499: Track added
INFO: key_placer.py:483: Routing SW24 with D24
INFO: key_placer.py:485: Using internal autorouter method
DEBUG: board_modifier.py:578: Routing at F.Cu layer
DEBUG: board_modifier.py:595: Netclass: Default, track width: 200000
DEBUG: board_modifier.py:658: Routing pad 'SW24:2' at (203200000, 59690000) with pad 'D24:2' at (214630000, 50990000) using coordinate system rotated by 0 degree(s)
INFO: board_modifier.py:494: Adding track segment (F.Cu): [(203200000, 59690000), (205930000, 59690000)]
INFO: board_modifier.py:499: Track added
INFO: board_modifier.py:494: Adding track segment (F.Cu): [(205930000, 59690000), (214630000, 50990000)]
DEBUG: board_modifier.py:504: Could not add track segment due to detected collision
INFO: board_modifier.py:494: Adding track segment (F.Cu): [(203200000, 59690000), (211900000, 50990000)]
INFO: board_modifier.py:499: Track added
INFO: board_modifier.py:494: Adding track segment (F.Cu): [(211900000, 50990000), (214630000, 50990000)]
INFO: board_modifier.py:499: Track added
INFO: key_placer.py:483: Routing SW23 with D23
INFO: key_placer.py:485: Using internal autorouter method
DEBUG: board_modifier.py:578: Routing at F.Cu layer
DEBUG: board_modifier.py:595: Netclass: Default, track width: 200000
DEBUG: board_modifier.py:658: Routing pad 'SW23:2' at (184150000, 59690000) with pad 'D23:2' at (195580000, 50990000) using coordinate system rotated by 0 degree(s)
INFO: board_modifier.py:494: Adding track segment (F.Cu): [(184150000, 59690000), (186880000, 59690000)]
INFO: board_modifier.py:499: Track added
INFO: board_modifier.py:494: Adding track segment (F.Cu): [(186880000, 59690000), (195580000, 50990000)]
DEBUG: board_modifier.py:504: Could not add track segment due to detected collision
INFO: board_modifier.py:494: Adding track segment (F.Cu): [(184150000, 59690000), (192850000, 50990000)]
INFO: board_modifier.py:499: Track added
INFO: board_modifier.py:494: Adding track segment (F.Cu): [(192850000, 50990000), (195580000, 50990000)]
INFO: board_modifier.py:499: Track added
INFO: key_placer.py:483: Routing SW22 with D22
INFO: key_placer.py:485: Using internal autorouter method
DEBUG: board_modifier.py:578: Routing at F.Cu layer
DEBUG: board_modifier.py:595: Netclass: Default, track width: 200000
DEBUG: board_modifier.py:658: Routing pad 'SW22:2' at (165100000, 59690000) with pad 'D22:2' at (176530000, 50990000) using coordinate system rotated by 0 degree(s)
INFO: board_modifier.py:494: Adding track segment (F.Cu): [(165100000, 59690000), (167830000, 59690000)]
INFO: board_modifier.py:499: Track added
INFO: board_modifier.py:494: Adding track segment (F.Cu): [(167830000, 59690000), (176530000, 50990000)]
DEBUG: board_modifier.py:504: Could not add track segment due to detected collision
INFO: board_modifier.py:494: Adding track segment (F.Cu): [(165100000, 59690000), (173800000, 50990000)]
DEBUG: board_modifier.py:504: Could not add track segment due to detected collision
INFO: key_placer.py:483: Routing SW21 with D21
INFO: key_placer.py:485: Using internal autorouter method
DEBUG: board_modifier.py:578: Routing at F.Cu layer
DEBUG: board_modifier.py:595: Netclass: Default, track width: 200000
DEBUG: board_modifier.py:658: Routing pad 'SW21:2' at (146050000, 59690000) with pad 'D21:2' at (157480000, 50990000) using coordinate system rotated by 0 degree(s)
INFO: board_modifier.py:494: Adding track segment (F.Cu): [(146050000, 59690000), (148780000, 59690000)]
INFO: board_modifier.py:499: Track added
INFO: board_modifier.py:494: Adding track segment (F.Cu): [(148780000, 59690000), (157480000, 50990000)]
DEBUG: board_modifier.py:504: Could not add track segment due to detected collision
INFO: board_modifier.py:494: Adding track segment (F.Cu): [(146050000, 59690000), (154750000, 50990000)]
INFO: board_modifier.py:499: Track added
INFO: board_modifier.py:494: Adding track segment (F.Cu): [(154750000, 50990000), (157480000, 50990000)]
INFO: board_modifier.py:499: Track added
INFO: key_placer.py:483: Routing SW20 with D20
INFO: key_placer.py:485: Using internal autorouter method
DEBUG: board_modifier.py:578: Routing at F.Cu layer
DEBUG: board_modifier.py:595: Netclass: Default, track width: 200000
DEBUG: board_modifier.py:658: Routing pad 'SW20:2' at (127000000, 59690000) with pad 'D20:2' at (138430000, 50990000) using coordinate system rotated by 0 degree(s)
INFO: board_modifier.py:494: Adding track segment (F.Cu): [(127000000, 59690000), (129730000, 59690000)]
INFO: board_modifier.py:499: Track added
INFO: board_modifier.py:494: Adding track segment (F.Cu): [(129730000, 59690000), (138430000, 50990000)]
DEBUG: board_modifier.py:504: Could not add track segment due to detected collision
INFO: board_modifier.py:494: Adding track segment (F.Cu): [(127000000, 59690000), (135700000, 50990000)]
INFO: board_modifier.py:499: Track added
INFO: board_modifier.py:494: Adding track segment (F.Cu): [(135700000, 50990000), (138430000, 50990000)]
INFO: board_modifier.py:499: Track added
INFO: key_placer.py:483: Routing SW19 with D19
INFO: key_placer.py:485: Using internal autorouter method
DEBUG: board_modifier.py:578: Routing at F.Cu layer
DEBUG: board_modifier.py:595: Netclass: Default, track width: 200000
DEBUG: board_modifier.py:658: Routing pad 'SW19:2' at (107950000, 59690000) with pad 'D19:2' at (119380000, 50990000) using coordinate system rotated by 0 degree(s)
INFO: board_modifier.py:494: Adding track segment (F.Cu): [(107950000, 59690000), (110680000, 59690000)]
INFO: board_modifier.py:499: Track added
INFO: board_modifier.py:494: Adding track segment (F.Cu): [(110680000, 59690000), (119380000, 50990000)]
DEBUG: board_modifier.py:504: Could not add track segment due to detected collision
INFO: board_modifier.py:494: Adding track segment (F.Cu): [(107950000, 59690000), (116650000, 50990000)]
INFO: board_modifier.py:499: Track added
INFO: board_modifier.py:494: Adding track segment (F.Cu): [(116650000, 50990000), (119380000, 50990000)]
INFO: board_modifier.py:499: Track added
INFO: key_placer.py:483: Routing SW18 with D18
INFO: key_placer.py:485: Using internal autorouter method
DEBUG: board_modifier.py:578: Routing at F.Cu layer
DEBUG: board_modifier.py:595: Netclass: Default, track width: 200000
DEBUG: board_modifier.py:658: Routing pad 'SW18:2' at (88900000, 59690000) with pad 'D18:2' at (100330000, 50990000) using coordinate system rotated by 0 degree(s)
INFO: board_modifier.py:494: Adding track segment (F.Cu): [(88900000, 59690000), (91630000, 59690000)]
INFO: board_modifier.py:499: Track added
INFO: board_modifier.py:494: Adding track segment (F.Cu): [(91630000, 59690000), (100330000, 50990000)]
DEBUG: board_modifier.py:504: Could not add track segment due to detected collision
INFO: board_modifier.py:494: Adding track segment (F.Cu): [(88900000, 59690000), (97600000, 50990000)]
INFO: board_modifier.py:499: Track added
INFO: board_modifier.py:494: Adding track segment (F.Cu): [(97600000, 50990000), (100330000, 50990000)]
INFO: board_modifier.py:499: Track added
INFO: key_placer.py:483: Routing SW17 with D17
INFO: key_placer.py:485: Using internal autorouter method
DEBUG: board_modifier.py:578: Routing at F.Cu layer
DEBUG: board_modifier.py:595: Netclass: Default, track width: 200000
DEBUG: board_modifier.py:658: Routing pad 'SW17:2' at (69850000, 59690000) with pad 'D17:2' at (81280000, 50990000) using coordinate system rotated by 0 degree(s)
INFO: board_modifier.py:494: Adding track segment (F.Cu): [(69850000, 59690000), (72580000, 59690000)]
INFO: board_modifier.py:499: Track added
INFO: board_modifier.py:494: Adding track segment (F.Cu): [(72580000, 59690000), (81280000, 50990000)]
DEBUG: board_modifier.py:504: Could not add track segment due to detected collision
INFO: board_modifier.py:494: Adding track segment (F.Cu): [(69850000, 59690000), (78550000, 50990000)]
INFO: board_modifier.py:499: Track added
INFO: board_modifier.py:494: Adding track segment (F.Cu): [(78550000, 50990000), (81280000, 50990000)]
INFO: board_modifier.py:499: Track added
INFO: key_placer.py:483: Routing SW16 with D16
INFO: key_placer.py:485: Using internal autorouter method
DEBUG: board_modifier.py:578: Routing at F.Cu layer
DEBUG: board_modifier.py:595: Netclass: Default, track width: 200000
DEBUG: board_modifier.py:658: Routing pad 'SW16:2' at (50800000, 59690000) with pad 'D16:2' at (62230000, 50990000) using coordinate system rotated by 0 degree(s)
INFO: board_modifier.py:494: Adding track segment (F.Cu): [(50800000, 59690000), (53530000, 59690000)]
INFO: board_modifier.py:499: Track added
INFO: board_modifier.py:494: Adding track segment (F.Cu): [(53530000, 59690000), (62230000, 50990000)]
DEBUG: board_modifier.py:504: Could not add track segment due to detected collision
INFO: board_modifier.py:494: Adding track segment (F.Cu): [(50800000, 59690000), (59500000, 50990000)]
INFO: board_modifier.py:499: Track added
INFO: board_modifier.py:494: Adding track segment (F.Cu): [(59500000, 50990000), (62230000, 50990000)]
INFO: board_modifier.py:499: Track added
INFO: key_placer.py:483: Routing SW15 with D15
INFO: key_placer.py:485: Using internal autorouter method
DEBUG: board_modifier.py:578: Routing at F.Cu layer
DEBUG: board_modifier.py:595: Netclass: Default, track width: 200000
DEBUG: board_modifier.py:658: Routing pad 'SW15:2' at (31750000, 59690000) with pad 'D15:2' at (43180000, 50990000) using coordinate system rotated by 0 degree(s)
INFO: board_modifier.py:494: Adding track segment (F.Cu): [(31750000, 59690000), (34480000, 59690000)]
INFO: board_modifier.py:499: Track added
INFO: board_modifier.py:494: Adding track segment (F.Cu): [(34480000, 59690000), (43180000, 50990000)]
DEBUG: board_modifier.py:504: Could not add track segment due to detected collision
INFO: board_modifier.py:494: Adding track segment (F.Cu): [(31750000, 59690000), (40450000, 50990000)]
INFO: board_modifier.py:499: Track added
INFO: board_modifier.py:494: Adding track segment (F.Cu): [(40450000, 50990000), (43180000, 50990000)]
INFO: board_modifier.py:499: Track added
INFO: key_placer.py:483: Routing SW14 with D14
INFO: key_placer.py:485: Using internal autorouter method
DEBUG: board_modifier.py:578: Routing at F.Cu layer
DEBUG: board_modifier.py:595: Netclass: Default, track width: 200000
DEBUG: board_modifier.py:658: Routing pad 'SW14:2' at (298450000, 40640000) with pad 'D14:2' at (309880000, 31940000) using coordinate system rotated by 0 degree(s)
INFO: board_modifier.py:494: Adding track segment (F.Cu): [(298450000, 40640000), (301180000, 40640000)]
INFO: board_modifier.py:499: Track added
INFO: board_modifier.py:494: Adding track segment (F.Cu): [(301180000, 40640000), (309880000, 31940000)]
DEBUG: board_modifier.py:504: Could not add track segment due to detected collision
INFO: board_modifier.py:494: Adding track segment (F.Cu): [(298450000, 40640000), (307150000, 31940000)]
INFO: board_modifier.py:499: Track added
INFO: board_modifier.py:494: Adding track segment (F.Cu): [(307150000, 31940000), (309880000, 31940000)]
INFO: board_modifier.py:499: Track added
INFO: key_placer.py:483: Routing SW13 with D13
INFO: key_placer.py:485: Using internal autorouter method
DEBUG: board_modifier.py:578: Routing at F.Cu layer
DEBUG: board_modifier.py:595: Netclass: Default, track width: 200000
DEBUG: board_modifier.py:658: Routing pad 'SW13:2' at (260350000, 40640000) with pad 'D13:2' at (271780000, 31940000) using coordinate system rotated by 0 degree(s)
INFO: board_modifier.py:494: Adding track segment (F.Cu): [(260350000, 40640000), (263080000, 40640000)]
INFO: board_modifier.py:499: Track added
INFO: board_modifier.py:494: Adding track segment (F.Cu): [(263080000, 40640000), (271780000, 31940000)]
DEBUG: board_modifier.py:504: Could not add track segment due to detected collision
INFO: board_modifier.py:494: Adding track segment (F.Cu): [(260350000, 40640000), (269050000, 31940000)]
INFO: board_modifier.py:499: Track added
INFO: board_modifier.py:494: Adding track segment (F.Cu): [(269050000, 31940000), (271780000, 31940000)]
INFO: board_modifier.py:499: Track added
INFO: key_placer.py:483: Routing SW12 with D12
INFO: key_placer.py:485: Using internal autorouter method
DEBUG: board_modifier.py:578: Routing at F.Cu layer
DEBUG: board_modifier.py:595: Netclass: Default, track width: 200000
DEBUG: board_modifier.py:658: Routing pad 'SW12:2' at (241300000, 40640000) with pad 'D12:2' at (252730000, 31940000) using coordinate system rotated by 0 degree(s)
INFO: board_modifier.py:494: Adding track segment (F.Cu): [(241300000, 40640000), (244030000, 40640000)]
INFO: board_modifier.py:499: Track added
INFO: board_modifier.py:494: Adding track segment (F.Cu): [(244030000, 40640000), (252730000, 31940000)]
DEBUG: board_modifier.py:504: Could not add track segment due to detected collision
INFO: board_modifier.py:494: Adding track segment (F.Cu): [(241300000, 40640000), (250000000, 31940000)]
INFO: board_modifier.py:499: Track added
INFO: board_modifier.py:494: Adding track segment (F.Cu): [(250000000, 31940000), (252730000, 31940000)]
INFO: board_modifier.py:499: Track added
INFO: key_placer.py:483: Routing SW11 with D11
INFO: key_placer.py:485: Using internal autorouter method
DEBUG: board_modifier.py:578: Routing at F.Cu layer
DEBUG: board_modifier.py:595: Netclass: Default, track width: 200000
DEBUG: board_modifier.py:658: Routing pad 'SW11:2' at (222250000, 40640000) with pad 'D11:2' at (233680000, 31940000) using coordinate system rotated by 0 degree(s)
INFO: board_modifier.py:494: Adding track segment (F.Cu): [(222250000, 40640000), (224980000, 40640000)]
INFO: board_modifier.py:499: Track added
INFO: board_modifier.py:494: Adding track segment (F.Cu): [(224980000, 40640000), (233680000, 31940000)]
DEBUG: board_modifier.py:504: Could not add track segment due to detected collision
INFO: board_modifier.py:494: Adding track segment (F.Cu): [(222250000, 40640000), (230950000, 31940000)]
INFO: board_modifier.py:499: Track added
INFO: board_modifier.py:494: Adding track segment (F.Cu): [(230950000, 31940000), (233680000, 31940000)]
INFO: board_modifier.py:499: Track added
INFO: key_placer.py:483: Routing SW10 with D10
INFO: key_placer.py:485: Using internal autorouter method
DEBUG: board_modifier.py:578: Routing at F.Cu layer
DEBUG: board_modifier.py:595: Netclass: Default, track width: 200000
DEBUG: board_modifier.py:658: Routing pad 'SW10:2' at (203200000, 40640000) with pad 'D10:2' at (214630000, 31940000) using coordinate system rotated by 0 degree(s)
INFO: board_modifier.py:494: Adding track segment (F.Cu): [(203200000, 40640000), (205930000, 40640000)]
INFO: board_modifier.py:499: Track added
INFO: board_modifier.py:494: Adding track segment (F.Cu): [(205930000, 40640000), (214630000, 31940000)]
DEBUG: board_modifier.py:504: Could not add track segment due to detected collision
INFO: board_modifier.py:494: Adding track segment (F.Cu): [(203200000, 40640000), (211900000, 31940000)]
INFO: board_modifier.py:499: Track added
INFO: board_modifier.py:494: Adding track segment (F.Cu): [(211900000, 31940000), (214630000, 31940000)]
INFO: board_modifier.py:499: Track added
INFO: key_placer.py:483: Routing SW9 with D9
INFO: key_placer.py:485: Using internal autorouter method
DEBUG: board_modifier.py:578: Routing at F.Cu layer
DEBUG: board_modifier.py:595: Netclass: Default, track width: 200000
DEBUG: board_modifier.py:658: Routing pad 'SW9:2' at (184150000, 40640000) with pad 'D9:2' at (195580000, 31940000) using coordinate system rotated by 0 degree(s)
INFO: board_modifier.py:494: Adding track segment (F.Cu): [(184150000, 40640000), (186880000, 40640000)]
INFO: board_modifier.py:499: Track added
INFO: board_modifier.py:494: Adding track segment (F.Cu): [(186880000, 40640000), (195580000, 31940000)]
DEBUG: board_modifier.py:504: Could not add track segment due to detected collision
INFO: board_modifier.py:494: Adding track segment (F.Cu): [(184150000, 40640000), (192850000, 31940000)]
INFO: board_modifier.py:499: Track added
INFO: board_modifier.py:494: Adding track segment (F.Cu): [(192850000, 31940000), (195580000, 31940000)]
INFO: board_modifier.py:499: Track added
INFO: key_placer.py:483: Routing SW8 with D8
INFO: key_placer.py:485: Using internal autorouter method
DEBUG: board_modifier.py:578: Routing at F.Cu layer
DEBUG: board_modifier.py:595: Netclass: Default, track width: 200000
DEBUG: board_modifier.py:658: Routing pad 'SW8:2' at (165100000, 40640000) with pad 'D8:2' at (176530000, 31940000) using coordinate system rotated by 0 degree(s)
INFO: board_modifier.py:494: Adding track segment (F.Cu): [(165100000, 40640000), (167830000, 40640000)]
INFO: board_modifier.py:499: Track added
INFO: board_modifier.py:494: Adding track segment (F.Cu): [(167830000, 40640000), (176530000, 31940000)]
DEBUG: board_modifier.py:504: Could not add track segment due to detected collision
INFO: board_modifier.py:494: Adding track segment (F.Cu): [(165100000, 40640000), (173800000, 31940000)]
INFO: board_modifier.py:499: Track added
INFO: board_modifier.py:494: Adding track segment (F.Cu): [(173800000, 31940000), (176530000, 31940000)]
INFO: board_modifier.py:499: Track added
INFO: key_placer.py:483: Routing SW7 with D7
INFO: key_placer.py:485: Using internal autorouter method
DEBUG: board_modifier.py:578: Routing at F.Cu layer
DEBUG: board_modifier.py:595: Netclass: Default, track width: 200000
DEBUG: board_modifier.py:658: Routing pad 'SW7:2' at (146050000, 40640000) with pad 'D7:2' at (157480000, 31940000) using coordinate system rotated by 0 degree(s)
INFO: board_modifier.py:494: Adding track segment (F.Cu): [(146050000, 40640000), (148780000, 40640000)]
INFO: board_modifier.py:499: Track added
INFO: board_modifier.py:494: Adding track segment (F.Cu): [(148780000, 40640000), (157480000, 31940000)]
DEBUG: board_modifier.py:504: Could not add track segment due to detected collision
INFO: board_modifier.py:494: Adding track segment (F.Cu): [(146050000, 40640000), (154750000, 31940000)]
INFO: board_modifier.py:499: Track added
INFO: board_modifier.py:494: Adding track segment (F.Cu): [(154750000, 31940000), (157480000, 31940000)]
INFO: board_modifier.py:499: Track added
INFO: key_placer.py:483: Routing SW6 with D6
INFO: key_placer.py:485: Using internal autorouter method
DEBUG: board_modifier.py:578: Routing at F.Cu layer
DEBUG: board_modifier.py:595: Netclass: Default, track width: 200000
DEBUG: board_modifier.py:658: Routing pad 'SW6:2' at (127000000, 40640000) with pad 'D6:2' at (138430000, 31940000) using coordinate system rotated by 0 degree(s)
INFO: board_modifier.py:494: Adding track segment (F.Cu): [(127000000, 40640000), (129730000, 40640000)]
INFO: board_modifier.py:499: Track added
INFO: board_modifier.py:494: Adding track segment (F.Cu): [(129730000, 40640000), (138430000, 31940000)]
DEBUG: board_modifier.py:504: Could not add track segment due to detected collision
INFO: board_modifier.py:494: Adding track segment (F.Cu): [(127000000, 40640000), (135700000, 31940000)]
INFO: board_modifier.py:499: Track added
INFO: board_modifier.py:494: Adding track segment (F.Cu): [(135700000, 31940000), (138430000, 31940000)]
INFO: board_modifier.py:499: Track added
INFO: key_placer.py:483: Routing SW5 with D5
INFO: key_placer.py:485: Using internal autorouter method
DEBUG: board_modifier.py:578: Routing at F.Cu layer
DEBUG: board_modifier.py:595: Netclass: Default, track width: 200000
DEBUG: board_modifier.py:658: Routing pad 'SW5:2' at (107950000, 40640000) with pad 'D5:2' at (119380000, 31940000) using coordinate system rotated by 0 degree(s)
INFO: board_modifier.py:494: Adding track segment (F.Cu): [(107950000, 40640000), (110680000, 40640000)]
INFO: board_modifier.py:499: Track added
INFO: board_modifier.py:494: Adding track segment (F.Cu): [(110680000, 40640000), (119380000, 31940000)]
DEBUG: board_modifier.py:504: Could not add track segment due to detected collision
INFO: board_modifier.py:494: Adding track segment (F.Cu): [(107950000, 40640000), (116650000, 31940000)]
INFO: board_modifier.py:499: Track added
INFO: board_modifier.py:494: Adding track segment (F.Cu): [(116650000, 31940000), (119380000, 31940000)]
INFO: board_modifier.py:499: Track added
INFO: key_placer.py:483: Routing SW4 with D4
INFO: key_placer.py:485: Using internal autorouter method
DEBUG: board_modifier.py:578: Routing at F.Cu layer
DEBUG: board_modifier.py:595: Netclass: Default, track width: 200000
DEBUG: board_modifier.py:658: Routing pad 'SW4:2' at (88900000, 40640000) with pad 'D4:2' at (100330000, 31940000) using coordinate system rotated by 0 degree(s)
INFO: board_modifier.py:494: Adding track segment (F.Cu): [(88900000, 40640000), (91630000, 40640000)]
INFO: board_modifier.py:499: Track added
INFO: board_modifier.py:494: Adding track segment (F.Cu): [(91630000, 40640000), (100330000, 31940000)]
DEBUG: board_modifier.py:504: Could not add track segment due to detected collision
INFO: board_modifier.py:494: Adding track segment (F.Cu): [(88900000, 40640000), (97600000, 31940000)]
INFO: board_modifier.py:499: Track added
INFO: board_modifier.py:494: Adding track segment (F.Cu): [(97600000, 31940000), (100330000, 31940000)]
INFO: board_modifier.py:499: Track added
INFO: key_placer.py:483: Routing SW3 with D3
INFO: key_placer.py:485: Using internal autorouter method
DEBUG: board_modifier.py:578: Routing at F.Cu layer
DEBUG: board_modifier.py:595: Netclass: Default, track width: 200000
DEBUG: board_modifier.py:658: Routing pad 'SW3:2' at (69850000, 40640000) with pad 'D3:2' at (81280000, 31940000) using coordinate system rotated by 0 degree(s)
INFO: board_modifier.py:494: Adding track segment (F.Cu): [(69850000, 40640000), (72580000, 40640000)]
INFO: board_modifier.py:499: Track added
INFO: board_modifier.py:494: Adding track segment (F.Cu): [(72580000, 40640000), (81280000, 31940000)]
DEBUG: board_modifier.py:504: Could not add track segment due to detected collision
INFO: board_modifier.py:494: Adding track segment (F.Cu): [(69850000, 40640000), (78550000, 31940000)]
INFO: board_modifier.py:499: Track added
INFO: board_modifier.py:494: Adding track segment (F.Cu): [(78550000, 31940000), (81280000, 31940000)]
INFO: board_modifier.py:499: Track added
INFO: key_placer.py:483: Routing SW2 with D2
INFO: key_placer.py:485: Using internal autorouter method
DEBUG: board_modifier.py:578: Routing at F.Cu layer
DEBUG: board_modifier.py:595: Netclass: Default, track width: 200000
DEBUG: board_modifier.py:658: Routing pad 'SW2:2' at (50800000, 40640000) with pad 'D2:2' at (62230000, 31940000) using coordinate system rotated by 0 degree(s)
INFO: board_modifier.py:494: Adding track segment (F.Cu): [(50800000, 40640000), (53530000, 40640000)]
INFO: board_modifier.py:499: Track added
INFO: board_modifier.py:494: Adding track segment (F.Cu): [(53530000, 40640000), (62230000, 31940000)]
DEBUG: board_modifier.py:504: Could not add track segment due to detected collision
INFO: board_modifier.py:494: Adding track segment (F.Cu): [(50800000, 40640000), (59500000, 31940000)]
INFO: board_modifier.py:499: Track added
INFO: board_modifier.py:494: Adding track segment (F.Cu): [(59500000, 31940000), (62230000, 31940000)]
INFO: board_modifier.py:499: Track added
INFO: key_placer.py:483: Routing SW1 with D1
INFO: key_placer.py:485: Using internal autorouter method
DEBUG: board_modifier.py:578: Routing at F.Cu layer
DEBUG: board_modifier.py:595: Netclass: Default, track width: 200000
DEBUG: board_modifier.py:658: Routing pad 'SW1:2' at (31750000, 40640000) with pad 'D1:2' at (43180000, 31940000) using coordinate system rotated by 0 degree(s)
INFO: board_modifier.py:494: Adding track segment (F.Cu): [(31750000, 40640000), (34480000, 40640000)]
INFO: board_modifier.py:499: Track added
INFO: board_modifier.py:494: Adding track segment (F.Cu): [(34480000, 40640000), (43180000, 31940000)]
DEBUG: board_modifier.py:504: Could not add track segment due to detected collision
INFO: board_modifier.py:494: Adding track segment (F.Cu): [(31750000, 40640000), (40450000, 31940000)]
INFO: board_modifier.py:499: Track added
INFO: board_modifier.py:494: Adding track segment (F.Cu): [(40450000, 31940000), (43180000, 31940000)]
INFO: board_modifier.py:499: Track added
DEBUG: key_placer.py:979: Routing X5 pads
DEBUG: board_modifier.py:578: Routing at F.Cu layer
DEBUG: board_modifier.py:595: Netclass: Default, track width: 200000
DEBUG: board_modifier.py:658: Routing pad 'D6:1' at (138430000, 42100000) with pad 'D20:1' at (138430000, 61150000) using coordinate system rotated by 0 degree(s)
INFO: board_modifier.py:494: Adding track segment (F.Cu): [(138430000, 42100000), (138430000, 61150000)]
DEBUG: board_modifier.py:504: Could not add track segment due to detected collision
DEBUG: board_modifier.py:578: Routing at F.Cu layer
DEBUG: board_modifier.py:595: Netclass: Default, track width: 200000
DEBUG: board_modifier.py:658: Routing pad 'D20:1' at (138430000, 61150000) with pad 'D34:1' at (147955000, 80200000) using coordinate system rotated by 0 degree(s)
INFO: board_modifier.py:494: Adding track segment (F.Cu): [(138430000, 61150000), (138430000, 70675000)]
INFO: board_modifier.py:499: Track added
INFO: board_modifier.py:494: Adding track segment (F.Cu): [(138430000, 70675000), (147955000, 80200000)]
DEBUG: board_modifier.py:504: Could not add track segment due to detected collision
INFO: board_modifier.py:494: Adding track segment (F.Cu): [(138430000, 61150000), (147955000, 70675000)]
DEBUG: board_modifier.py:504: Could not add track segment due to detected collision
DEBUG: board_modifier.py:578: Routing at F.Cu layer
DEBUG: board_modifier.py:595: Netclass: Default, track width: 200000
DEBUG: board_modifier.py:658: Routing pad 'D34:1' at (147955000, 80200000) with pad 'D48:1' at (152717500, 99250000) using coordinate system rotated by 0 degree(s)
INFO: board_modifier.py:494: Adding track segment (F.Cu): [(147955000, 80200000), (147955000, 94487500)]
DEBUG: board_modifier.py:504: Could not add track segment due to detected collision
INFO: board_modifier.py:494: Adding track segment (F.Cu): [(147955000, 80200000), (152717500, 84962500)]
INFO: board_modifier.py:499: Track added
INFO: board_modifier.py:494: Adding track segment (F.Cu): [(152717500, 84962500), (152717500, 99250000)]
DEBUG: board_modifier.py:504: Could not add track segment due to detected collision
DEBUG: board_modifier.py:578: Routing at F.Cu layer
DEBUG: board_modifier.py:595: Netclass: Default, track width: 200000
DEBUG: board_modifier.py:658: Routing pad 'D48:1' at (152717500, 99250000) with pad 'D61:1' at (162242500, 118300000) using coordinate system rotated by 0 degree(s)
INFO: board_modifier.py:494: Adding track segment (F.Cu): [(152717500, 99250000), (152717500, 108775000)]
INFO: board_modifier.py:499: Track added
INFO: board_modifier.py:494: Adding track segment (F.Cu): [(152717500, 108775000), (162242500, 118300000)]
DEBUG: board_modifier.py:504: Could not add track segment due to detected collision
INFO: board_modifier.py:494: Adding track segment (F.Cu): [(152717500, 99250000), (162242500, 108775000)]
DEBUG: board_modifier.py:504: Could not add track segment due to detected collision
DEBUG: board_modifier.py:578: Routing at F.Cu layer
DEBUG: board_modifier.py:595: Netclass: Default, track width: 200000
DEBUG: board_modifier.py:658: Routing pad 'D61:1' at (162242500, 118300000) with pad 'D73:1' at (233680000, 137350000) using coordinate system rotated by 0 degree(s)
INFO: board_modifier.py:494: Adding track segment (F.Cu): [(162242500, 118300000), (214630000, 118300000)]
DEBUG: board_modifier.py:504: Could not add track segment due to detected collision
INFO: board_modifier.py:494: Adding track segment (F.Cu): [(162242500, 118300000), (181292500, 137350000)]
DEBUG: board_modifier.py:504: Could not add track segment due to detected collision
DEBUG: board_modifier.py:578: Routing at F.Cu layer
DEBUG: board_modifier.py:595: Netclass: Default, track width: 200000
DEBUG: board_modifier.py:658: Routing pad 'J5:13' at (256140000, 127200000) with pad 'J1:13' at (256140000, 123590000) using coordinate system rotated by 0 degree(s)
INFO: board_modifier.py:494: Adding track segment (F.Cu): [(256140000, 127200000), (256140000, 123590000)]
INFO: board_modifier.py:499: Track added
DEBUG: board_modifier.py:578: Routing at F.Cu layer
DEBUG: board_modifier.py:595: Netclass: Default, track width: 200000
DEBUG: board_modifier.py:658: Routing pad 'D73:1' at (233680000, 137350000) with pad 'J5:13' at (256140000, 127200000) using coordinate system rotated by 0 degree(s)
INFO: board_modifier.py:494: Adding track segment (F.Cu): [(233680000, 137350000), (245990000, 137350000)]
DEBUG: board_modifier.py:504: Could not add track segment due to detected collision
INFO: board_modifier.py:494: Adding track segment (F.Cu): [(233680000, 137350000), (243830000, 127200000)]
DEBUG: board_modifier.py:504: Could not add track segment due to detected collision
DEBUG: key_placer.py:979: Routing X6 pads
DEBUG: board_modifier.py:578: Routing at F.Cu layer
DEBUG: board_modifier.py:595: Netclass: Default, track width: 200000
DEBUG: board_modifier.py:658: Routing pad 'D7:1' at (157480000, 42100000) with pad 'D21:1' at (157480000, 61150000) using coordinate system rotated by 0 degree(s)
INFO: board_modifier.py:494: Adding track segment (F.Cu): [(157480000, 42100000), (157480000, 61150000)]
DEBUG: board_modifier.py:504: Could not add track segment due to detected collision
DEBUG: board_modifier.py:578: Routing at F.Cu layer
DEBUG: board_modifier.py:595: Netclass: Default, track width: 200000
DEBUG: board_modifier.py:658: Routing pad 'D21:1' at (157480000, 61150000) with pad 'D35:1' at (167005000, 80200000) using coordinate system rotated by 0 degree(s)
INFO: board_modifier.py:494: Adding track segment (F.Cu): [(157480000, 61150000), (157480000, 70675000)]
INFO: board_modifier.py:499: Track added
INFO: board_modifier.py:494: Adding track segment (F.Cu): [(157480000, 70675000), (167005000, 80200000)]
DEBUG: board_modifier.py:504: Could not add track segment due to detected collision
INFO: board_modifier.py:494: Adding track segment (F.Cu): [(157480000, 61150000), (167005000, 70675000)]
DEBUG: board_modifier.py:504: Could not add track segment due to detected collision
DEBUG: board_modifier.py:578: Routing at F.Cu layer
DEBUG: board_modifier.py:595: Netclass: Default, track width: 200000
DEBUG: board_modifier.py:658: Routing pad 'D35:1' at (167005000, 80200000) with pad 'D49:1' at (171767500, 99250000) using coordinate system rotated by 0 degree(s)
INFO: board_modifier.py:494: Adding track segment (F.Cu): [(167005000, 80200000), (167005000, 94487500)]
DEBUG: board_modifier.py:504: Could not add track segment due to detected collision
INFO: board_modifier.py:494: Adding track segment (F.Cu): [(167005000, 80200000), (171767500, 84962500)]
INFO: board_modifier.py:499: Track added
INFO: board_modifier.py:494: Adding track segment (F.Cu): [(171767500, 84962500), (171767500, 99250000)]
DEBUG: board_modifier.py:504: Could not add track segment due to detected collision
DEBUG: board_modifier.py:578: Routing at F.Cu layer
DEBUG: board_modifier.py:595: Netclass: Default, track width: 200000
DEBUG: board_modifier.py:658: Routing pad 'D49:1' at (171767500, 99250000) with pad 'D62:1' at (181292500, 118300000) using coordinate system rotated by 0 degree(s)
INFO: board_modifier.py:494: Adding track segment (F.Cu): [(171767500, 99250000), (171767500, 108775000)]
DEBUG: board_modifier.py:504: Could not add track segment due to detected collision
INFO: board_modifier.py:494: Adding track segment (F.Cu): [(171767500, 99250000), (181292500, 108775000)]
DEBUG: board_modifier.py:504: Could not add track segment due to detected collision
DEBUG: board_modifier.py:578: Routing at F.Cu layer
DEBUG: board_modifier.py:595: Netclass: Default, track width: 200000
DEBUG: board_modifier.py:658: Routing pad 'J5:12' at (253600000, 127200000) with pad 'D74:1' at (252730000, 137350000) using coordinate system rotated by 0 degree(s)
INFO: board_modifier.py:494: Adding track segment (F.Cu): [(253600000, 127200000), (253600000, 136480000)]
DEBUG: board_modifier.py:504: Could not add track segment due to detected collision
INFO: board_modifier.py:494: Adding track segment (F.Cu): [(253600000, 127200000), (252730000, 128070000)]
DEBUG: board_modifier.py:504: Could not add track segment due to detected collision
DEBUG: board_modifier.py:578: Routing at F.Cu layer
DEBUG: board_modifier.py:595: Netclass: Default, track width: 200000
DEBUG: board_modifier.py:658: Routing pad 'D62:1' at (181292500, 118300000) with pad 'J1:12' at (253600000, 123590000) using coordinate system rotated by 0 degree(s)
INFO: board_modifier.py:494: Adding track segment (F.Cu): [(181292500, 118300000), (248310000, 118300000)]
DEBUG: board_modifier.py:504: Could not add track segment due to detected collision
INFO: board_modifier.py:494: Adding track segment (F.Cu): [(181292500, 118300000), (186582500, 123590000)]
INFO: board_modifier.py:499: Track added
INFO: board_modifier.py:494: Adding track segment (F.Cu): [(186582500, 123590000), (253600000, 123590000)]
DEBUG: board_modifier.py:504: Could not add track segment due to detected collision
DEBUG: board_modifier.py:578: Routing at F.Cu layer
DEBUG: board_modifier.py:595: Netclass: Default, track width: 200000
DEBUG: board_modifier.py:658: Routing pad 'J1:12' at (253600000, 123590000) with pad 'J5:12' at (253600000, 127200000) using coordinate system rotated by 0 degree(s)
INFO: board_modifier.py:494: Adding track segment (F.Cu): [(253600000, 123590000), (253600000, 127200000)]
DEBUG: board_modifier.py:504: Could not add track segment due to detected collision
DEBUG: key_placer.py:979: Routing X10 pads
DEBUG: board_modifier.py:578: Routing at F.Cu layer
DEBUG: board_modifier.py:595: Netclass: Default, track width: 200000
DEBUG: board_modifier.py:658: Routing pad 'D11:1' at (233680000, 42100000) with pad 'D25:1' at (233680000, 61150000) using coordinate system rotated by 0 degree(s)
INFO: board_modifier.py:494: Adding track segment (F.Cu): [(233680000, 42100000), (233680000, 61150000)]
DEBUG: board_modifier.py:504: Could not add track segment due to detected collision
DEBUG: board_modifier.py:578: Routing at F.Cu layer
DEBUG: board_modifier.py:595: Netclass: Default, track width: 200000
DEBUG: board_modifier.py:658: Routing pad 'D25:1' at (233680000, 61150000) with pad 'D39:1' at (243205000, 80200000) using coordinate system rotated by 0 degree(s)
INFO: board_modifier.py:494: Adding track segment (F.Cu): [(233680000, 61150000), (233680000, 70675000)]
INFO: board_modifier.py:499: Track added
INFO: board_modifier.py:494: Adding track segment (F.Cu): [(233680000, 70675000), (243205000, 80200000)]
DEBUG: board_modifier.py:504: Could not add track segment due to detected collision
INFO: board_modifier.py:494: Adding track segment (F.Cu): [(233680000, 61150000), (243205000, 70675000)]
DEBUG: board_modifier.py:504: Could not add track segment due to detected collision
DEBUG: board_modifier.py:578: Routing at F.Cu layer
DEBUG: board_modifier.py:595: Netclass: Default, track width: 200000
DEBUG: board_modifier.py:658: Routing pad 'D66:1' at (257492500, 118300000) with pad 'J1:8' at (243440000, 123590000) using coordinate system rotated by 0 degree(s)
INFO: board_modifier.py:494: Adding track segment (F.Cu): [(257492500, 118300000), (248730000, 118300000)]
DEBUG: board_modifier.py:504: Could not add track segment due to detected collision
INFO: board_modifier.py:494: Adding track segment (F.Cu): [(257492500, 118300000), (252202500, 123590000)]
DEBUG: board_modifier.py:504: Could not add track segment due to detected collision
DEBUG: board_modifier.py:578: Routing at F.Cu layer
DEBUG: board_modifier.py:595: Netclass: Default, track width: 200000
DEBUG: board_modifier.py:658: Routing pad 'J1:8' at (243440000, 123590000) with pad 'J5:8' at (243440000, 127200000) using coordinate system rotated by 0 degree(s)
INFO: board_modifier.py:494: Adding track segment (F.Cu): [(243440000, 123590000), (243440000, 127200000)]
INFO: board_modifier.py:499: Track added
DEBUG: board_modifier.py:578: Routing at F.Cu layer
DEBUG: board_modifier.py:595: Netclass: Default, track width: 200000
DEBUG: board_modifier.py:658: Routing pad 'D39:1' at (243205000, 80200000) with pad 'D53:1' at (247967500, 99250000) using coordinate system rotated by 0 degree(s)
INFO: board_modifier.py:494: Adding track segment (F.Cu): [(243205000, 80200000), (243205000, 94487500)]
DEBUG: board_modifier.py:504: Could not add track segment due to detected collision
INFO: board_modifier.py:494: Adding track segment (F.Cu): [(243205000, 80200000), (247967500, 84962500)]
INFO: board_modifier.py:499: Track added
INFO: board_modifier.py:494: Adding track segment (F.Cu): [(247967500, 84962500), (247967500, 99250000)]
DEBUG: board_modifier.py:504: Could not add track segment due to detected collision
DEBUG: board_modifier.py:578: Routing at F.Cu layer
DEBUG: board_modifier.py:595: Netclass: Default, track width: 200000
DEBUG: board_modifier.py:658: Routing pad 'D53:1' at (247967500, 99250000) with pad 'D66:1' at (257492500, 118300000) using coordinate system rotated by 0 degree(s)
INFO: board_modifier.py:494: Adding track segment (F.Cu): [(247967500, 99250000), (247967500, 108775000)]
DEBUG: board_modifier.py:504: Could not add track segment due to detected collision
INFO: board_modifier.py:494: Adding track segment (F.Cu): [(247967500, 99250000), (257492500, 108775000)]
DEBUG: board_modifier.py:504: Could not add track segment due to detected collision
DEBUG: key_placer.py:979: Routing Y1 pads
DEBUG: board_modifier.py:578: Routing at F.Cu layer
DEBUG: board_modifier.py:595: Netclass: Default, track width: 200000
DEBUG: board_modifier.py:658: Routing pad 'SW15:1' at (38100000, 57150000) with pad 'SW16:1' at (57150000, 57150000) using coordinate system rotated by 0 degree(s)
INFO: board_modifier.py:494: Adding track segment (F.Cu): [(38100000, 57150000), (57150000, 57150000)]
DEBUG: board_modifier.py:504: Could not add track segment due to detected collision
DEBUG: board_modifier.py:578: Routing at F.Cu layer
DEBUG: board_modifier.py:595: Netclass: Default, track width: 200000
DEBUG: board_modifier.py:658: Routing pad 'SW16:1' at (57150000, 57150000) with pad 'SW17:1' at (76200000, 57150000) using coordinate system rotated by 0 degree(s)
INFO: board_modifier.py:494: Adding track segment (F.Cu): [(57150000, 57150000), (76200000, 57150000)]
DEBUG: board_modifier.py:504: Could not add track segment due to detected collision
DEBUG: board_modifier.py:578: Routing at F.Cu layer
DEBUG: board_modifier.py:595: Netclass: Default, track width: 200000
DEBUG: board_modifier.py:658: Routing pad 'SW17:1' at (76200000, 57150000) with pad 'SW18:1' at (95250000, 57150000) using coordinate system rotated by 0 degree(s)
INFO: board_modifier.py:494: Adding track segment (F.Cu): [(76200000, 57150000), (95250000, 57150000)]
DEBUG: board_modifier.py:504: Could not add track segment due to detected collision
DEBUG: board_modifier.py:578: Routing at F.Cu layer
DEBUG: board_modifier.py:595: Netclass: Default, track width: 200000
DEBUG: board_modifier.py:658: Routing pad 'SW18:1' at (95250000, 57150000) with pad 'SW19:1' at (114300000, 57150000) using coordinate system rotated by 0 degree(s)
INFO: board_modifier.py:494: Adding track segment (F.Cu): [(95250000, 57150000), (114300000, 57150000)]
DEBUG: board_modifier.py:504: Could not add track segment due to detected collision
DEBUG: board_modifier.py:578: Routing at F.Cu layer
DEBUG: board_modifier.py:595: Netclass: Default, track width: 200000
DEBUG: board_modifier.py:658: Routing pad 'SW19:1' at (114300000, 57150000) with pad 'SW20:1' at (133350000, 57150000) using coordinate system rotated by 0 degree(s)
INFO: board_modifier.py:494: Adding track segment (F.Cu): [(114300000, 57150000), (133350000, 57150000)]
DEBUG: board_modifier.py:504: Could not add track segment due to detected collision
DEBUG: board_modifier.py:578: Routing at F.Cu layer
DEBUG: board_modifier.py:595: Netclass: Default, track width: 200000
DEBUG: board_modifier.py:658: Routing pad 'SW20:1' at (133350000, 57150000) with pad 'SW21:1' at (152400000, 57150000) using coordinate system rotated by 0 degree(s)
INFO: board_modifier.py:494: Adding track segment (F.Cu): [(133350000, 57150000), (152400000, 57150000)]
DEBUG: board_modifier.py:504: Could not add track segment due to detected collision
DEBUG: board_modifier.py:578: Routing at F.Cu layer
DEBUG: board_modifier.py:595: Netclass: Default, track width: 200000
DEBUG: board_modifier.py:658: Routing pad 'SW21:1' at (152400000, 57150000) with pad 'SW22:1' at (171450000, 57150000) using coordinate system rotated by 0 degree(s)
INFO: board_modifier.py:494: Adding track segment (F.Cu): [(152400000, 57150000), (171450000, 57150000)]
INFO: board_modifier.py:499: Track added
DEBUG: board_modifier.py:578: Routing at F.Cu layer
DEBUG: board_modifier.py:595: Netclass: Default, track width: 200000
DEBUG: board_modifier.py:658: Routing pad 'SW22:1' at (171450000, 57150000) with pad 'SW23:1' at (190500000, 57150000) using coordinate system rotated by 0 degree(s)
INFO: board_modifier.py:494: Adding track segment (F.Cu): [(171450000, 57150000), (190500000, 57150000)]
DEBUG: board_modifier.py:504: Could not add track segment due to detected collision
DEBUG: board_modifier.py:578: Routing at F.Cu layer
DEBUG: board_modifier.py:595: Netclass: Default, track width: 200000
DEBUG: board_modifier.py:658: Routing pad 'SW23:1' at (190500000, 57150000) with pad 'SW24:1' at (209550000, 57150000) using coordinate system rotated by 0 degree(s)
INFO: board_modifier.py:494: Adding track segment (F.Cu): [(190500000, 57150000), (209550000, 57150000)]
DEBUG: board_modifier.py:504: Could not add track segment due to detected collision
DEBUG: board_modifier.py:578: Routing at F.Cu layer
DEBUG: board_modifier.py:595: Netclass: Default, track width: 200000
DEBUG: board_modifier.py:658: Routing pad 'SW24:1' at (209550000, 57150000) with pad 'SW25:1' at (228600000, 57150000) using coordinate system rotated by 0 degree(s)
INFO: board_modifier.py:494: Adding track segment (F.Cu): [(209550000, 57150000), (228600000, 57150000)]
DEBUG: board_modifier.py:504: Could not add track segment due to detected collision
DEBUG: board_modifier.py:578: Routing at F.Cu layer
DEBUG: board_modifier.py:595: Netclass: Default, track width: 200000
DEBUG: board_modifier.py:658: Routing pad 'SW26:1' at (247650000, 57150000) with pad 'J2:7' at (240900000, 97100000) using coordinate system rotated by 0 degree(s)
INFO: board_modifier.py:494: Adding track segment (F.Cu): [(247650000, 57150000), (247650000, 90350000)]
DEBUG: board_modifier.py:504: Could not add track segment due to detected collision
INFO: board_modifier.py:494: Adding track segment (F.Cu): [(247650000, 57150000), (240900000, 63900000)]
DEBUG: board_modifier.py:504: Could not add track segment due to detected collision
DEBUG: board_modifier.py:578: Routing at F.Cu layer
DEBUG: board_modifier.py:595: Netclass: Default, track width: 200000
DEBUG: board_modifier.py:658: Routing pad 'J2:7' at (240900000, 97100000) with pad 'J4:7' at (240900000, 100700000) using coordinate system rotated by 0 degree(s)
INFO: board_modifier.py:494: Adding track segment (F.Cu): [(240900000, 97100000), (240900000, 100700000)]
DEBUG: board_modifier.py:504: Could not add track segment due to detected collision
DEBUG: board_modifier.py:578: Routing at F.Cu layer
DEBUG: board_modifier.py:595: Netclass: Default, track width: 200000
DEBUG: board_modifier.py:658: Routing pad 'SW25:1' at (228600000, 57150000) with pad 'SW26:1' at (247650000, 57150000) using coordinate system rotated by 0 degree(s)
INFO: board_modifier.py:494: Adding track segment (F.Cu): [(228600000, 57150000), (247650000, 57150000)]
DEBUG: board_modifier.py:504: Could not add track segment due to detected collision
DEBUG: board_modifier.py:578: Routing at F.Cu layer
DEBUG: board_modifier.py:595: Netclass: Default, track width: 200000
DEBUG: board_modifier.py:658: Routing pad 'SW26:1' at (247650000, 57150000) with pad 'SW27:1' at (266700000, 57150000) using coordinate system rotated by 0 degree(s)
INFO: board_modifier.py:494: Adding track segment (F.Cu): [(247650000, 57150000), (266700000, 57150000)]
DEBUG: board_modifier.py:504: Could not add track segment due to detected collision
DEBUG: board_modifier.py:578: Routing at F.Cu layer
DEBUG: board_modifier.py:595: Netclass: Default, track width: 200000
DEBUG: board_modifier.py:658: Routing pad 'SW27:1' at (266700000, 57150000) with pad 'SW28:1' at (295275000, 57150000) using coordinate system rotated by 0 degree(s)
INFO: board_modifier.py:494: Adding track segment (F.Cu): [(266700000, 57150000), (295275000, 57150000)]
DEBUG: board_modifier.py:504: Could not add track segment due to detected collision
DEBUG: key_placer.py:979: Routing X7 pads
DEBUG: board_modifier.py:578: Routing at F.Cu layer
DEBUG: board_modifier.py:595: Netclass: Default, track width: 200000
DEBUG: board_modifier.py:658: Routing pad 'D8:1' at (176530000, 42100000) with pad 'D22:1' at (176530000, 61150000) using coordinate system rotated by 0 degree(s)
INFO: board_modifier.py:494: Adding track segment (F.Cu): [(176530000, 42100000), (176530000, 61150000)]
DEBUG: board_modifier.py:504: Could not add track segment due to detected collision
DEBUG: board_modifier.py:578: Routing at F.Cu layer
DEBUG: board_modifier.py:595: Netclass: Default, track width: 200000
DEBUG: board_modifier.py:658: Routing pad 'D22:1' at (176530000, 61150000) with pad 'D36:1' at (186055000, 80200000) using coordinate system rotated by 0 degree(s)
INFO: board_modifier.py:494: Adding track segment (F.Cu): [(176530000, 61150000), (176530000, 70675000)]
INFO: board_modifier.py:499: Track added
INFO: board_modifier.py:494: Adding track segment (F.Cu): [(176530000, 70675000), (186055000, 80200000)]
DEBUG: board_modifier.py:504: Could not add track segment due to detected collision
INFO: board_modifier.py:494: Adding track segment (F.Cu): [(176530000, 61150000), (186055000, 70675000)]
DEBUG: board_modifier.py:504: Could not add track segment due to detected collision
DEBUG: board_modifier.py:578: Routing at F.Cu layer
DEBUG: board_modifier.py:595: Netclass: Default, track width: 200000
DEBUG: board_modifier.py:658: Routing pad 'D36:1' at (186055000, 80200000) with pad 'D50:1' at (190817500, 99250000) using coordinate system rotated by 0 degree(s)
INFO: board_modifier.py:494: Adding track segment (F.Cu): [(186055000, 80200000), (186055000, 94487500)]
DEBUG: board_modifier.py:504: Could not add track segment due to detected collision
INFO: board_modifier.py:494: Adding track segment (F.Cu): [(186055000, 80200000), (190817500, 84962500)]
INFO: board_modifier.py:499: Track added
INFO: board_modifier.py:494: Adding track segment (F.Cu): [(190817500, 84962500), (190817500, 99250000)]
DEBUG: board_modifier.py:504: Could not add track segment due to detected collision
DEBUG: board_modifier.py:578: Routing at F.Cu layer
DEBUG: board_modifier.py:595: Netclass: Default, track width: 200000
DEBUG: board_modifier.py:658: Routing pad 'D50:1' at (190817500, 99250000) with pad 'D63:1' at (200342500, 118300000) using coordinate system rotated by 0 degree(s)
INFO: board_modifier.py:494: Adding track segment (F.Cu): [(190817500, 99250000), (190817500, 108775000)]
INFO: board_modifier.py:499: Track added
INFO: board_modifier.py:494: Adding track segment (F.Cu): [(190817500, 108775000), (200342500, 118300000)]
DEBUG: board_modifier.py:504: Could not add track segment due to detected collision
INFO: board_modifier.py:494: Adding track segment (F.Cu): [(190817500, 99250000), (200342500, 108775000)]
DEBUG: board_modifier.py:504: Could not add track segment due to detected collision
DEBUG: board_modifier.py:578: Routing at F.Cu layer
DEBUG: board_modifier.py:595: Netclass: Default, track width: 200000
DEBUG: board_modifier.py:658: Routing pad 'D63:1' at (200342500, 118300000) with pad 'J1:11' at (251060000, 123590000) using coordinate system rotated by 0 degree(s)
INFO: board_modifier.py:494: Adding track segment (F.Cu): [(200342500, 118300000), (245770000, 118300000)]
DEBUG: board_modifier.py:504: Could not add track segment due to detected collision
INFO: board_modifier.py:494: Adding track segment (F.Cu): [(200342500, 118300000), (205632500, 123590000)]
INFO: board_modifier.py:499: Track added
INFO: board_modifier.py:494: Adding track segment (F.Cu): [(205632500, 123590000), (251060000, 123590000)]
DEBUG: board_modifier.py:504: Could not add track segment due to detected collision
DEBUG: board_modifier.py:578: Routing at F.Cu layer
DEBUG: board_modifier.py:595: Netclass: Default, track width: 200000
DEBUG: board_modifier.py:658: Routing pad 'J1:11' at (251060000, 123590000) with pad 'J5:11' at (251060000, 127200000) using coordinate system rotated by 0 degree(s)
INFO: board_modifier.py:494: Adding track segment (F.Cu): [(251060000, 123590000), (251060000, 127200000)]
INFO: board_modifier.py:499: Track added
DEBUG: board_modifier.py:578: Routing at F.Cu layer
DEBUG: board_modifier.py:595: Netclass: Default, track width: 200000
DEBUG: board_modifier.py:658: Routing pad 'J5:11' at (251060000, 127200000) with pad 'D75:1' at (271780000, 137350000) using coordinate system rotated by 0 degree(s)
INFO: board_modifier.py:494: Adding track segment (F.Cu): [(251060000, 127200000), (261630000, 127200000)]
DEBUG: board_modifier.py:504: Could not add track segment due to detected collision
INFO: board_modifier.py:494: Adding track segment (F.Cu): [(251060000, 127200000), (261210000, 137350000)]
DEBUG: board_modifier.py:504: Could not add track segment due to detected collision
DEBUG: key_placer.py:979: Routing X3 pads
DEBUG: board_modifier.py:578: Routing at F.Cu layer
DEBUG: board_modifier.py:595: Netclass: Default, track width: 200000
DEBUG: board_modifier.py:658: Routing pad 'D4:1' at (100330000, 42100000) with pad 'D18:1' at (100330000, 61150000) using coordinate system rotated by 0 degree(s)
INFO: board_modifier.py:494: Adding track segment (F.Cu): [(100330000, 42100000), (100330000, 61150000)]
DEBUG: board_modifier.py:504: Could not add track segment due to detected collision
DEBUG: board_modifier.py:578: Routing at F.Cu layer
DEBUG: board_modifier.py:595: Netclass: Default, track width: 200000
DEBUG: board_modifier.py:658: Routing pad 'D18:1' at (100330000, 61150000) with pad 'D32:1' at (109855000, 80200000) using coordinate system rotated by 0 degree(s)
INFO: board_modifier.py:494: Adding track segment (F.Cu): [(100330000, 61150000), (100330000, 70675000)]
INFO: board_modifier.py:499: Track added
INFO: board_modifier.py:494: Adding track segment (F.Cu): [(100330000, 70675000), (109855000, 80200000)]
DEBUG: board_modifier.py:504: Could not add track segment due to detected collision
INFO: board_modifier.py:494: Adding track segment (F.Cu): [(100330000, 61150000), (109855000, 70675000)]
DEBUG: board_modifier.py:504: Could not add track segment due to detected collision
DEBUG: board_modifier.py:578: Routing at F.Cu layer
DEBUG: board_modifier.py:595: Netclass: Default, track width: 200000
DEBUG: board_modifier.py:658: Routing pad 'D59:1' at (124142500, 118300000) with pad 'D71:1' at (112236250, 137350000) using coordinate system rotated by 0 degree(s)
INFO: board_modifier.py:494: Adding track segment (F.Cu): [(124142500, 118300000), (124142500, 125443750)]
INFO: board_modifier.py:499: Track added
INFO: board_modifier.py:494: Adding track segment (F.Cu): [(124142500, 125443750), (112236250, 137350000)]
INFO: board_modifier.py:499: Track added
DEBUG: board_modifier.py:578: Routing at F.Cu layer
DEBUG: board_modifier.py:595: Netclass: Default, track width: 200000
DEBUG: board_modifier.py:658: Routing pad 'D32:1' at (109855000, 80200000) with pad 'D46:1' at (114617500, 99250000) using coordinate system rotated by 0 degree(s)
INFO: board_modifier.py:494: Adding track segment (F.Cu): [(109855000, 80200000), (109855000, 94487500)]
DEBUG: board_modifier.py:504: Could not add track segment due to detected collision
INFO: board_modifier.py:494: Adding track segment (F.Cu): [(109855000, 80200000), (114617500, 84962500)]
INFO: board_modifier.py:499: Track added
INFO: board_modifier.py:494: Adding track segment (F.Cu): [(114617500, 84962500), (114617500, 99250000)]
DEBUG: board_modifier.py:504: Could not add track segment due to detected collision
DEBUG: board_modifier.py:578: Routing at F.Cu layer
DEBUG: board_modifier.py:595: Netclass: Default, track width: 200000
DEBUG: board_modifier.py:658: Routing pad 'D46:1' at (114617500, 99250000) with pad 'D59:1' at (124142500, 118300000) using coordinate system rotated by 0 degree(s)
INFO: board_modifier.py:494: Adding track segment (F.Cu): [(114617500, 99250000), (114617500, 108775000)]
INFO: board_modifier.py:499: Track added
INFO: board_modifier.py:494: Adding track segment (F.Cu): [(114617500, 108775000), (124142500, 118300000)]
DEBUG: board_modifier.py:504: Could not add track segment due to detected collision
INFO: board_modifier.py:494: Adding track segment (F.Cu): [(114617500, 99250000), (124142500, 108775000)]
DEBUG: board_modifier.py:504: Could not add track segment due to detected collision
DEBUG: board_modifier.py:578: Routing at F.Cu layer
DEBUG: board_modifier.py:595: Netclass: Default, track width: 200000
DEBUG: board_modifier.py:658: Routing pad 'D59:1' at (124142500, 118300000) with pad 'J1:15' at (261220000, 123590000) using coordinate system rotated by 0 degree(s)
INFO: board_modifier.py:494: Adding track segment (F.Cu): [(124142500, 118300000), (255930000, 118300000)]
DEBUG: board_modifier.py:504: Could not add track segment due to detected collision
INFO: board_modifier.py:494: Adding track segment (F.Cu): [(124142500, 118300000), (129432500, 123590000)]
INFO: board_modifier.py:499: Track added
INFO: board_modifier.py:494: Adding track segment (F.Cu): [(129432500, 123590000), (261220000, 123590000)]
DEBUG: board_modifier.py:504: Could not add track segment due to detected collision
DEBUG: board_modifier.py:578: Routing at F.Cu layer
DEBUG: board_modifier.py:595: Netclass: Default, track width: 200000
DEBUG: board_modifier.py:658: Routing pad 'J1:15' at (261220000, 123590000) with pad 'J5:15' at (261220000, 127200000) using coordinate system rotated by 0 degree(s)
INFO: board_modifier.py:494: Adding track segment (F.Cu): [(261220000, 123590000), (261220000, 127200000)]
INFO: board_modifier.py:499: Track added
DEBUG: key_placer.py:979: Routing Y0 pads
DEBUG: board_modifier.py:578: Routing at F.Cu layer
DEBUG: board_modifier.py:595: Netclass: Default, track width: 200000
DEBUG: board_modifier.py:658: Routing pad 'SW1:1' at (38100000, 38100000) with pad 'SW2:1' at (57150000, 38100000) using coordinate system rotated by 0 degree(s)
INFO: board_modifier.py:494: Adding track segment (F.Cu): [(38100000, 38100000), (57150000, 38100000)]
DEBUG: board_modifier.py:504: Could not add track segment due to detected collision
DEBUG: board_modifier.py:578: Routing at F.Cu layer
DEBUG: board_modifier.py:595: Netclass: Default, track width: 200000
DEBUG: board_modifier.py:658: Routing pad 'SW2:1' at (57150000, 38100000) with pad 'SW3:1' at (76200000, 38100000) using coordinate system rotated by 0 degree(s)
INFO: board_modifier.py:494: Adding track segment (F.Cu): [(57150000, 38100000), (76200000, 38100000)]
DEBUG: board_modifier.py:504: Could not add track segment due to detected collision
DEBUG: board_modifier.py:578: Routing at F.Cu layer
DEBUG: board_modifier.py:595: Netclass: Default, track width: 200000
DEBUG: board_modifier.py:658: Routing pad 'SW3:1' at (76200000, 38100000) with pad 'SW4:1' at (95250000, 38100000) using coordinate system rotated by 0 degree(s)
INFO: board_modifier.py:494: Adding track segment (F.Cu): [(76200000, 38100000), (95250000, 38100000)]
DEBUG: board_modifier.py:504: Could not add track segment due to detected collision
DEBUG: board_modifier.py:578: Routing at F.Cu layer
DEBUG: board_modifier.py:595: Netclass: Default, track width: 200000
DEBUG: board_modifier.py:658: Routing pad 'SW4:1' at (95250000, 38100000) with pad 'SW5:1' at (114300000, 38100000) using coordinate system rotated by 0 degree(s)
INFO: board_modifier.py:494: Adding track segment (F.Cu): [(95250000, 38100000), (114300000, 38100000)]
DEBUG: board_modifier.py:504: Could not add track segment due to detected collision
DEBUG: board_modifier.py:578: Routing at F.Cu layer
DEBUG: board_modifier.py:595: Netclass: Default, track width: 200000
DEBUG: board_modifier.py:658: Routing pad 'SW5:1' at (114300000, 38100000) with pad 'SW6:1' at (133350000, 38100000) using coordinate system rotated by 0 degree(s)
INFO: board_modifier.py:494: Adding track segment (F.Cu): [(114300000, 38100000), (133350000, 38100000)]
DEBUG: board_modifier.py:504: Could not add track segment due to detected collision
DEBUG: board_modifier.py:578: Routing at F.Cu layer
DEBUG: board_modifier.py:595: Netclass: Default, track width: 200000
DEBUG: board_modifier.py:658: Routing pad 'SW6:1' at (133350000, 38100000) with pad 'SW7:1' at (152400000, 38100000) using coordinate system rotated by 0 degree(s)
INFO: board_modifier.py:494: Adding track segment (F.Cu): [(133350000, 38100000), (152400000, 38100000)]
DEBUG: board_modifier.py:504: Could not add track segment due to detected collision
DEBUG: board_modifier.py:578: Routing at F.Cu layer
DEBUG: board_modifier.py:595: Netclass: Default, track width: 200000
DEBUG: board_modifier.py:658: Routing pad 'SW7:1' at (152400000, 38100000) with pad 'SW8:1' at (171450000, 38100000) using coordinate system rotated by 0 degree(s)
INFO: board_modifier.py:494: Adding track segment (F.Cu): [(152400000, 38100000), (171450000, 38100000)]
DEBUG: board_modifier.py:504: Could not add track segment due to detected collision
DEBUG: board_modifier.py:578: Routing at F.Cu layer
DEBUG: board_modifier.py:595: Netclass: Default, track width: 200000
DEBUG: board_modifier.py:658: Routing pad 'SW8:1' at (171450000, 38100000) with pad 'SW9:1' at (190500000, 38100000) using coordinate system rotated by 0 degree(s)
INFO: board_modifier.py:494: Adding track segment (F.Cu): [(171450000, 38100000), (190500000, 38100000)]
DEBUG: board_modifier.py:504: Could not add track segment due to detected collision
DEBUG: board_modifier.py:578: Routing at F.Cu layer
DEBUG: board_modifier.py:595: Netclass: Default, track width: 200000
DEBUG: board_modifier.py:658: Routing pad 'SW9:1' at (190500000, 38100000) with pad 'SW10:1' at (209550000, 38100000) using coordinate system rotated by 0 degree(s)
INFO: board_modifier.py:494: Adding track segment (F.Cu): [(190500000, 38100000), (209550000, 38100000)]
DEBUG: board_modifier.py:504: Could not add track segment due to detected collision
DEBUG: board_modifier.py:578: Routing at F.Cu layer
DEBUG: board_modifier.py:595: Netclass: Default, track width: 200000
DEBUG: board_modifier.py:658: Routing pad 'SW10:1' at (209550000, 38100000) with pad 'SW11:1' at (228600000, 38100000) using coordinate system rotated by 0 degree(s)
INFO: board_modifier.py:494: Adding track segment (F.Cu): [(209550000, 38100000), (228600000, 38100000)]
DEBUG: board_modifier.py:504: Could not add track segment due to detected collision
DEBUG: board_modifier.py:578: Routing at F.Cu layer
DEBUG: board_modifier.py:595: Netclass: Default, track width: 200000
DEBUG: board_modifier.py:658: Routing pad 'SW12:1' at (247650000, 38100000) with pad 'J2:6' at (238360000, 97100000) using coordinate system rotated by 0 degree(s)
INFO: board_modifier.py:494: Adding track segment (F.Cu): [(247650000, 38100000), (247650000, 87810000)]
DEBUG: board_modifier.py:504: Could not add track segment due to detected collision
INFO: board_modifier.py:494: Adding track segment (F.Cu): [(247650000, 38100000), (238360000, 47390000)]
DEBUG: board_modifier.py:504: Could not add track segment due to detected collision
DEBUG: board_modifier.py:578: Routing at F.Cu layer
DEBUG: board_modifier.py:595: Netclass: Default, track width: 200000
DEBUG: board_modifier.py:658: Routing pad 'J2:6' at (238360000, 97100000) with pad 'J4:6' at (238360000, 100700000) using coordinate system rotated by 0 degree(s)
INFO: board_modifier.py:494: Adding track segment (F.Cu): [(238360000, 97100000), (238360000, 100700000)]
DEBUG: board_modifier.py:504: Could not add track segment due to detected collision
DEBUG: board_modifier.py:578: Routing at F.Cu layer
DEBUG: board_modifier.py:595: Netclass: Default, track width: 200000
DEBUG: board_modifier.py:658: Routing pad 'SW11:1' at (228600000, 38100000) with pad 'SW12:1' at (247650000, 38100000) using coordinate system rotated by 0 degree(s)
INFO: board_modifier.py:494: Adding track segment (F.Cu): [(228600000, 38100000), (247650000, 38100000)]
DEBUG: board_modifier.py:504: Could not add track segment due to detected collision
DEBUG: board_modifier.py:578: Routing at F.Cu layer
DEBUG: board_modifier.py:595: Netclass: Default, track width: 200000
DEBUG: board_modifier.py:658: Routing pad 'SW12:1' at (247650000, 38100000) with pad 'SW13:1' at (266700000, 38100000) using coordinate system rotated by 0 degree(s)
INFO: board_modifier.py:494: Adding track segment (F.Cu): [(247650000, 38100000), (266700000, 38100000)]
DEBUG: board_modifier.py:504: Could not add track segment due to detected collision
DEBUG: board_modifier.py:578: Routing at F.Cu layer
DEBUG: board_modifier.py:595: Netclass: Default, track width: 200000
DEBUG: board_modifier.py:658: Routing pad 'SW13:1' at (266700000, 38100000) with pad 'SW14:1' at (304800000, 38100000) using coordinate system rotated by 0 degree(s)
INFO: board_modifier.py:494: Adding track segment (F.Cu): [(266700000, 38100000), (304800000, 38100000)]
DEBUG: board_modifier.py:504: Could not add track segment due to detected collision
DEBUG: key_placer.py:979: Routing Y4 pads
DEBUG: board_modifier.py:578: Routing at F.Cu layer
DEBUG: board_modifier.py:595: Netclass: Default, track width: 200000
DEBUG: board_modifier.py:658: Routing pad 'SW56:1' at (50006250, 114300000) with pad 'SW57:1' at (80962500, 114300000) using coordinate system rotated by 0 degree(s)
INFO: board_modifier.py:494: Adding track segment (F.Cu): [(50006250, 114300000), (80962500, 114300000)]
DEBUG: board_modifier.py:504: Could not add track segment due to detected collision
DEBUG: board_modifier.py:578: Routing at F.Cu layer
DEBUG: board_modifier.py:595: Netclass: Default, track width: 200000
DEBUG: board_modifier.py:658: Routing pad 'SW57:1' at (80962500, 114300000) with pad 'SW58:1' at (100012500, 114300000) using coordinate system rotated by 0 degree(s)
INFO: board_modifier.py:494: Adding track segment (F.Cu): [(80962500, 114300000), (100012500, 114300000)]
DEBUG: board_modifier.py:504: Could not add track segment due to detected collision
DEBUG: board_modifier.py:578: Routing at F.Cu layer
DEBUG: board_modifier.py:595: Netclass: Default, track width: 200000
DEBUG: board_modifier.py:658: Routing pad 'SW58:1' at (100012500, 114300000) with pad 'SW59:1' at (119062500, 114300000) using coordinate system rotated by 0 degree(s)
INFO: board_modifier.py:494: Adding track segment (F.Cu): [(100012500, 114300000), (119062500, 114300000)]
DEBUG: board_modifier.py:504: Could not add track segment due to detected collision
DEBUG: board_modifier.py:578: Routing at F.Cu layer
DEBUG: board_modifier.py:595: Netclass: Default, track width: 200000
DEBUG: board_modifier.py:658: Routing pad 'SW59:1' at (119062500, 114300000) with pad 'SW60:1' at (138112500, 114300000) using coordinate system rotated by 0 degree(s)
INFO: board_modifier.py:494: Adding track segment (F.Cu): [(119062500, 114300000), (138112500, 114300000)]
DEBUG: board_modifier.py:504: Could not add track segment due to detected collision
DEBUG: board_modifier.py:578: Routing at F.Cu layer
DEBUG: board_modifier.py:595: Netclass: Default, track width: 200000
DEBUG: board_modifier.py:658: Routing pad 'SW60:1' at (138112500, 114300000) with pad 'SW61:1' at (157162500, 114300000) using coordinate system rotated by 0 degree(s)
INFO: board_modifier.py:494: Adding track segment (F.Cu): [(138112500, 114300000), (157162500, 114300000)]
DEBUG: board_modifier.py:504: Could not add track segment due to detected collision
DEBUG: board_modifier.py:578: Routing at F.Cu layer
DEBUG: board_modifier.py:595: Netclass: Default, track width: 200000
DEBUG: board_modifier.py:658: Routing pad 'SW61:1' at (157162500, 114300000) with pad 'SW62:1' at (176212500, 114300000) using coordinate system rotated by 0 degree(s)
INFO: board_modifier.py:494: Adding track segment (F.Cu): [(157162500, 114300000), (176212500, 114300000)]
DEBUG: board_modifier.py:504: Could not add track segment due to detected collision
DEBUG: board_modifier.py:578: Routing at F.Cu layer
DEBUG: board_modifier.py:595: Netclass: Default, track width: 200000
DEBUG: board_modifier.py:658: Routing pad 'SW62:1' at (176212500, 114300000) with pad 'SW63:1' at (195262500, 114300000) using coordinate system rotated by 0 degree(s)
INFO: board_modifier.py:494: Adding track segment (F.Cu): [(176212500, 114300000), (195262500, 114300000)]
DEBUG: board_modifier.py:504: Could not add track segment due to detected collision
DEBUG: board_modifier.py:578: Routing at F.Cu layer
DEBUG: board_modifier.py:595: Netclass: Default, track width: 200000
DEBUG: board_modifier.py:658: Routing pad 'SW63:1' at (195262500, 114300000) with pad 'SW64:1' at (214312500, 114300000) using coordinate system rotated by 0 degree(s)
INFO: board_modifier.py:494: Adding track segment (F.Cu): [(195262500, 114300000), (214312500, 114300000)]
DEBUG: board_modifier.py:504: Could not add track segment due to detected collision
DEBUG: board_modifier.py:578: Routing at F.Cu layer
DEBUG: board_modifier.py:595: Netclass: Default, track width: 200000
DEBUG: board_modifier.py:658: Routing pad 'SW64:1' at (214312500, 114300000) with pad 'SW65:1' at (233362500, 114300000) using coordinate system rotated by 0 degree(s)
INFO: board_modifier.py:494: Adding track segment (F.Cu): [(214312500, 114300000), (233362500, 114300000)]
DEBUG: board_modifier.py:504: Could not add track segment due to detected collision
DEBUG: board_modifier.py:578: Routing at F.Cu layer
DEBUG: board_modifier.py:595: Netclass: Default, track width: 200000
DEBUG: board_modifier.py:658: Routing pad 'J4:10' at (248520000, 100700000) with pad 'J2:10' at (248520000, 97100000) using coordinate system rotated by 0 degree(s)
INFO: board_modifier.py:494: Adding track segment (F.Cu): [(248520000, 100700000), (248520000, 97100000)]
DEBUG: board_modifier.py:504: Could not add track segment due to detected collision
DEBUG: board_modifier.py:578: Routing at F.Cu layer
DEBUG: board_modifier.py:595: Netclass: Default, track width: 200000
DEBUG: board_modifier.py:658: Routing pad 'SW66:1' at (252412500, 114300000) with pad 'J4:10' at (248520000, 100700000) using coordinate system rotated by 0 degree(s)
INFO: board_modifier.py:494: Adding track segment (F.Cu): [(252412500, 114300000), (252412500, 104592500)]
DEBUG: board_modifier.py:504: Could not add track segment due to detected collision
INFO: board_modifier.py:494: Adding track segment (F.Cu): [(252412500, 114300000), (248520000, 110407500)]
DEBUG: board_modifier.py:504: Could not add track segment due to detected collision
DEBUG: board_modifier.py:578: Routing at F.Cu layer
DEBUG: board_modifier.py:595: Netclass: Default, track width: 200000
DEBUG: board_modifier.py:658: Routing pad 'SW65:1' at (233362500, 114300000) with pad 'SW66:1' at (252412500, 114300000) using coordinate system rotated by 0 degree(s)
INFO: board_modifier.py:494: Adding track segment (F.Cu): [(233362500, 114300000), (252412500, 114300000)]
DEBUG: board_modifier.py:504: Could not add track segment due to detected collision
DEBUG: board_modifier.py:578: Routing at F.Cu layer
DEBUG: board_modifier.py:595: Netclass: Default, track width: 200000
DEBUG: board_modifier.py:658: Routing pad 'SW66:1' at (252412500, 114300000) with pad 'SW67:1' at (285750000, 114300000) using coordinate system rotated by 0 degree(s)
INFO: board_modifier.py:494: Adding track segment (F.Cu): [(252412500, 114300000), (285750000, 114300000)]
DEBUG: board_modifier.py:504: Could not add track segment due to detected collision
DEBUG: key_placer.py:979: Routing X4 pads
DEBUG: board_modifier.py:578: Routing at F.Cu layer
DEBUG: board_modifier.py:595: Netclass: Default, track width: 200000
DEBUG: board_modifier.py:658: Routing pad 'D5:1' at (119380000, 42100000) with pad 'D19:1' at (119380000, 61150000) using coordinate system rotated by 0 degree(s)
INFO: board_modifier.py:494: Adding track segment (F.Cu): [(119380000, 42100000), (119380000, 61150000)]
DEBUG: board_modifier.py:504: Could not add track segment due to detected collision
DEBUG: board_modifier.py:578: Routing at F.Cu layer
DEBUG: board_modifier.py:595: Netclass: Default, track width: 200000
DEBUG: board_modifier.py:658: Routing pad 'D19:1' at (119380000, 61150000) with pad 'D33:1' at (128905000, 80200000) using coordinate system rotated by 0 degree(s)
INFO: board_modifier.py:494: Adding track segment (F.Cu): [(119380000, 61150000), (119380000, 70675000)]
INFO: board_modifier.py:499: Track added
INFO: board_modifier.py:494: Adding track segment (F.Cu): [(119380000, 70675000), (128905000, 80200000)]
DEBUG: board_modifier.py:504: Could not add track segment due to detected collision
INFO: board_modifier.py:494: Adding track segment (F.Cu): [(119380000, 61150000), (128905000, 70675000)]
DEBUG: board_modifier.py:504: Could not add track segment due to detected collision
DEBUG: board_modifier.py:578: Routing at F.Cu layer
DEBUG: board_modifier.py:595: Netclass: Default, track width: 200000
DEBUG: board_modifier.py:658: Routing pad 'D33:1' at (128905000, 80200000) with pad 'D47:1' at (133667500, 99250000) using coordinate system rotated by 0 degree(s)
INFO: board_modifier.py:494: Adding track segment (F.Cu): [(128905000, 80200000), (128905000, 94487500)]
DEBUG: board_modifier.py:504: Could not add track segment due to detected collision
INFO: board_modifier.py:494: Adding track segment (F.Cu): [(128905000, 80200000), (133667500, 84962500)]
INFO: board_modifier.py:499: Track added
INFO: board_modifier.py:494: Adding track segment (F.Cu): [(133667500, 84962500), (133667500, 99250000)]
DEBUG: board_modifier.py:504: Could not add track segment due to detected collision
DEBUG: board_modifier.py:578: Routing at F.Cu layer
DEBUG: board_modifier.py:595: Netclass: Default, track width: 200000
DEBUG: board_modifier.py:658: Routing pad 'D47:1' at (133667500, 99250000) with pad 'D60:1' at (143192500, 118300000) using coordinate system rotated by 0 degree(s)
INFO: board_modifier.py:494: Adding track segment (F.Cu): [(133667500, 99250000), (133667500, 108775000)]
INFO: board_modifier.py:499: Track added
INFO: board_modifier.py:494: Adding track segment (F.Cu): [(133667500, 108775000), (143192500, 118300000)]
DEBUG: board_modifier.py:504: Could not add track segment due to detected collision
INFO: board_modifier.py:494: Adding track segment (F.Cu): [(133667500, 99250000), (143192500, 108775000)]
DEBUG: board_modifier.py:504: Could not add track segment due to detected collision
DEBUG: board_modifier.py:578: Routing at F.Cu layer
DEBUG: board_modifier.py:595: Netclass: Default, track width: 200000
DEBUG: board_modifier.py:658: Routing pad 'D60:1' at (143192500, 118300000) with pad 'D72:1' at (174148750, 137350000) using coordinate system rotated by 0 degree(s)
INFO: board_modifier.py:494: Adding track segment (F.Cu): [(143192500, 118300000), (155098750, 118300000)]
DEBUG: board_modifier.py:504: Could not add track segment due to detected collision
INFO: board_modifier.py:494: Adding track segment (F.Cu): [(143192500, 118300000), (162242500, 137350000)]
DEBUG: board_modifier.py:504: Could not add track segment due to detected collision
DEBUG: board_modifier.py:578: Routing at F.Cu layer
DEBUG: board_modifier.py:595: Netclass: Default, track width: 200000
DEBUG: board_modifier.py:658: Routing pad 'J5:14' at (258680000, 127200000) with pad 'J1:14' at (258680000, 123590000) using coordinate system rotated by 0 degree(s)
INFO: board_modifier.py:494: Adding track segment (F.Cu): [(258680000, 127200000), (258680000, 123590000)]
INFO: board_modifier.py:499: Track added
DEBUG: board_modifier.py:578: Routing at F.Cu layer
DEBUG: board_modifier.py:595: Netclass: Default, track width: 200000
DEBUG: board_modifier.py:658: Routing pad 'D72:1' at (174148750, 137350000) with pad 'J5:14' at (258680000, 127200000) using coordinate system rotated by 0 degree(s)
INFO: board_modifier.py:494: Adding track segment (F.Cu): [(174148750, 137350000), (248530000, 137350000)]
DEBUG: board_modifier.py:504: Could not add track segment due to detected collision
INFO: board_modifier.py:494: Adding track segment (F.Cu): [(174148750, 137350000), (184298750, 127200000)]
INFO: board_modifier.py:499: Track added
INFO: board_modifier.py:494: Adding track segment (F.Cu): [(184298750, 127200000), (258680000, 127200000)]
DEBUG: board_modifier.py:504: Could not add track segment due to detected collision
DEBUG: key_placer.py:979: Routing X1 pads
DEBUG: board_modifier.py:578: Routing at F.Cu layer
DEBUG: board_modifier.py:595: Netclass: Default, track width: 200000
DEBUG: board_modifier.py:658: Routing pad 'D2:1' at (62230000, 42100000) with pad 'D16:1' at (62230000, 61150000) using coordinate system rotated by 0 degree(s)
INFO: board_modifier.py:494: Adding track segment (F.Cu): [(62230000, 42100000), (62230000, 61150000)]
DEBUG: board_modifier.py:504: Could not add track segment due to detected collision
DEBUG: board_modifier.py:578: Routing at F.Cu layer
DEBUG: board_modifier.py:595: Netclass: Default, track width: 200000
DEBUG: board_modifier.py:658: Routing pad 'D57:1' at (86042500, 118300000) with pad 'D69:1' at (66992500, 137350000) using coordinate system rotated by 0 degree(s)
INFO: board_modifier.py:494: Adding track segment (F.Cu): [(86042500, 118300000), (86042500, 118300000)]
INFO: board_modifier.py:499: Track added
INFO: board_modifier.py:494: Adding track segment (F.Cu): [(86042500, 118300000), (66992500, 137350000)]
DEBUG: board_modifier.py:504: Could not add track segment due to detected collision
INFO: board_modifier.py:494: Adding track segment (F.Cu): [(86042500, 118300000), (66992500, 137350000)]
DEBUG: board_modifier.py:504: Could not add track segment due to detected collision
DEBUG: board_modifier.py:578: Routing at F.Cu layer
DEBUG: board_modifier.py:595: Netclass: Default, track width: 200000
DEBUG: board_modifier.py:658: Routing pad 'D16:1' at (62230000, 61150000) with pad 'D30:1' at (71755000, 80200000) using coordinate system rotated by 0 degree(s)
INFO: board_modifier.py:494: Adding track segment (F.Cu): [(62230000, 61150000), (62230000, 70675000)]
INFO: board_modifier.py:499: Track added
INFO: board_modifier.py:494: Adding track segment (F.Cu): [(62230000, 70675000), (71755000, 80200000)]
DEBUG: board_modifier.py:504: Could not add track segment due to detected collision
INFO: board_modifier.py:494: Adding track segment (F.Cu): [(62230000, 61150000), (71755000, 70675000)]
DEBUG: board_modifier.py:504: Could not add track segment due to detected collision
DEBUG: board_modifier.py:578: Routing at F.Cu layer
DEBUG: board_modifier.py:595: Netclass: Default, track width: 200000
DEBUG: board_modifier.py:658: Routing pad 'D30:1' at (71755000, 80200000) with pad 'D44:1' at (76517500, 99250000) using coordinate system rotated by 0 degree(s)
INFO: board_modifier.py:494: Adding track segment (F.Cu): [(71755000, 80200000), (71755000, 94487500)]
DEBUG: board_modifier.py:504: Could not add track segment due to detected collision
INFO: board_modifier.py:494: Adding track segment (F.Cu): [(71755000, 80200000), (76517500, 84962500)]
INFO: board_modifier.py:499: Track added
INFO: board_modifier.py:494: Adding track segment (F.Cu): [(76517500, 84962500), (76517500, 99250000)]
DEBUG: board_modifier.py:504: Could not add track segment due to detected collision
DEBUG: board_modifier.py:578: Routing at F.Cu layer
DEBUG: board_modifier.py:595: Netclass: Default, track width: 200000
DEBUG: board_modifier.py:658: Routing pad 'D44:1' at (76517500, 99250000) with pad 'D57:1' at (86042500, 118300000) using coordinate system rotated by 0 degree(s)
INFO: board_modifier.py:494: Adding track segment (F.Cu): [(76517500, 99250000), (76517500, 108775000)]
INFO: board_modifier.py:499: Track added
INFO: board_modifier.py:494: Adding track segment (F.Cu): [(76517500, 108775000), (86042500, 118300000)]
DEBUG: board_modifier.py:504: Could not add track segment due to detected collision
INFO: board_modifier.py:494: Adding track segment (F.Cu): [(76517500, 99250000), (86042500, 108775000)]
DEBUG: board_modifier.py:504: Could not add track segment due to detected collision
DEBUG: board_modifier.py:578: Routing at F.Cu layer
DEBUG: board_modifier.py:595: Netclass: Default, track width: 200000
DEBUG: board_modifier.py:658: Routing pad 'D57:1' at (86042500, 118300000) with pad 'J1:17' at (266300000, 123590000) using coordinate system rotated by 0 degree(s)
INFO: board_modifier.py:494: Adding track segment (F.Cu): [(86042500, 118300000), (261010000, 118300000)]
DEBUG: board_modifier.py:504: Could not add track segment due to detected collision
INFO: board_modifier.py:494: Adding track segment (F.Cu): [(86042500, 118300000), (91332500, 123590000)]
INFO: board_modifier.py:499: Track added
INFO: board_modifier.py:494: Adding track segment (F.Cu): [(91332500, 123590000), (266300000, 123590000)]
DEBUG: board_modifier.py:504: Could not add track segment due to detected collision
DEBUG: board_modifier.py:578: Routing at F.Cu layer
DEBUG: board_modifier.py:595: Netclass: Default, track width: 200000
DEBUG: board_modifier.py:658: Routing pad 'J1:17' at (266300000, 123590000) with pad 'J5:17' at (266300000, 127200000) using coordinate system rotated by 0 degree(s)
INFO: board_modifier.py:494: Adding track segment (F.Cu): [(266300000, 123590000), (266300000, 127200000)]
INFO: board_modifier.py:499: Track added
DEBUG: key_placer.py:979: Routing X0 pads
DEBUG: board_modifier.py:578: Routing at F.Cu layer
DEBUG: board_modifier.py:595: Netclass: Default, track width: 200000
DEBUG: board_modifier.py:658: Routing pad 'D1:1' at (43180000, 42100000) with pad 'D15:1' at (43180000, 61150000) using coordinate system rotated by 0 degree(s)
INFO: board_modifier.py:494: Adding track segment (F.Cu): [(43180000, 42100000), (43180000, 61150000)]
DEBUG: board_modifier.py:504: Could not add track segment due to detected collision
DEBUG: board_modifier.py:578: Routing at F.Cu layer
DEBUG: board_modifier.py:595: Netclass: Default, track width: 200000
DEBUG: board_modifier.py:658: Routing pad 'D56:1' at (55086250, 118300000) with pad 'D68:1' at (45561250, 137350000) using coordinate system rotated by 0 degree(s)
INFO: board_modifier.py:494: Adding track segment (F.Cu): [(55086250, 118300000), (55086250, 127825000)]
INFO: board_modifier.py:499: Track added
INFO: board_modifier.py:494: Adding track segment (F.Cu): [(55086250, 127825000), (45561250, 137350000)]
INFO: board_modifier.py:499: Track added
DEBUG: board_modifier.py:578: Routing at F.Cu layer
DEBUG: board_modifier.py:595: Netclass: Default, track width: 200000
DEBUG: board_modifier.py:658: Routing pad 'D15:1' at (43180000, 61150000) with pad 'D29:1' at (47942500, 80200000) using coordinate system rotated by 0 degree(s)
INFO: board_modifier.py:494: Adding track segment (F.Cu): [(43180000, 61150000), (43180000, 75437500)]
DEBUG: board_modifier.py:504: Could not add track segment due to detected collision
INFO: board_modifier.py:494: Adding track segment (F.Cu): [(43180000, 61150000), (47942500, 65912500)]
INFO: board_modifier.py:499: Track added
INFO: board_modifier.py:494: Adding track segment (F.Cu): [(47942500, 65912500), (47942500, 80200000)]
DEBUG: board_modifier.py:504: Could not add track segment due to detected collision
DEBUG: board_modifier.py:578: Routing at F.Cu layer
DEBUG: board_modifier.py:595: Netclass: Default, track width: 200000
DEBUG: board_modifier.py:658: Routing pad 'D29:1' at (47942500, 80200000) with pad 'D43:1' at (50323750, 99250000) using coordinate system rotated by 0 degree(s)
INFO: board_modifier.py:494: Adding track segment (F.Cu): [(47942500, 80200000), (47942500, 96868750)]
DEBUG: board_modifier.py:504: Could not add track segment due to detected collision
INFO: board_modifier.py:494: Adding track segment (F.Cu): [(47942500, 80200000), (50323750, 82581250)]
INFO: board_modifier.py:499: Track added
INFO: board_modifier.py:494: Adding track segment (F.Cu): [(50323750, 82581250), (50323750, 99250000)]
DEBUG: board_modifier.py:504: Could not add track segment due to detected collision
DEBUG: board_modifier.py:578: Routing at F.Cu layer
DEBUG: board_modifier.py:595: Netclass: Default, track width: 200000
DEBUG: board_modifier.py:658: Routing pad 'D43:1' at (50323750, 99250000) with pad 'D56:1' at (55086250, 118300000) using coordinate system rotated by 0 degree(s)
INFO: board_modifier.py:494: Adding track segment (F.Cu): [(50323750, 99250000), (50323750, 113537500)]
DEBUG: board_modifier.py:504: Could not add track segment due to detected collision
INFO: board_modifier.py:494: Adding track segment (F.Cu): [(50323750, 99250000), (55086250, 104012500)]
INFO: board_modifier.py:499: Track added
INFO: board_modifier.py:494: Adding track segment (F.Cu): [(55086250, 104012500), (55086250, 118300000)]
DEBUG: board_modifier.py:504: Could not add track segment due to detected collision
DEBUG: board_modifier.py:578: Routing at F.Cu layer
DEBUG: board_modifier.py:595: Netclass: Default, track width: 200000
DEBUG: board_modifier.py:658: Routing pad 'D56:1' at (55086250, 118300000) with pad 'J1:18' at (268840000, 123590000) using coordinate system rotated by 0 degree(s)
INFO: board_modifier.py:494: Adding track segment (F.Cu): [(55086250, 118300000), (263550000, 118300000)]
DEBUG: board_modifier.py:504: Could not add track segment due to detected collision
INFO: board_modifier.py:494: Adding track segment (F.Cu): [(55086250, 118300000), (60376250, 123590000)]
INFO: board_modifier.py:499: Track added
INFO: board_modifier.py:494: Adding track segment (F.Cu): [(60376250, 123590000), (268840000, 123590000)]
DEBUG: board_modifier.py:504: Could not add track segment due to detected collision
DEBUG: board_modifier.py:578: Routing at F.Cu layer
DEBUG: board_modifier.py:595: Netclass: Default, track width: 200000
DEBUG: board_modifier.py:658: Routing pad 'J1:18' at (268840000, 123590000) with pad 'J5:18' at (268840000, 127200000) using coordinate system rotated by 0 degree(s)
INFO: board_modifier.py:494: Adding track segment (F.Cu): [(268840000, 123590000), (268840000, 127200000)]
INFO: board_modifier.py:499: Track added
DEBUG: key_placer.py:979: Routing Y2 pads
DEBUG: board_modifier.py:578: Routing at F.Cu layer
DEBUG: board_modifier.py:595: Netclass: Default, track width: 200000
DEBUG: board_modifier.py:658: Routing pad 'SW29:1' at (42862500, 76200000) with pad 'SW30:1' at (66675000, 76200000) using coordinate system rotated by 0 degree(s)
INFO: board_modifier.py:494: Adding track segment (F.Cu): [(42862500, 76200000), (66675000, 76200000)]
DEBUG: board_modifier.py:504: Could not add track segment due to detected collision
DEBUG: board_modifier.py:578: Routing at F.Cu layer
DEBUG: board_modifier.py:595: Netclass: Default, track width: 200000
DEBUG: board_modifier.py:658: Routing pad 'SW30:1' at (66675000, 76200000) with pad 'SW31:1' at (85725000, 76200000) using coordinate system rotated by 0 degree(s)
INFO: board_modifier.py:494: Adding track segment (F.Cu): [(66675000, 76200000), (85725000, 76200000)]
DEBUG: board_modifier.py:504: Could not add track segment due to detected collision
DEBUG: board_modifier.py:578: Routing at F.Cu layer
DEBUG: board_modifier.py:595: Netclass: Default, track width: 200000
DEBUG: board_modifier.py:658: Routing pad 'SW31:1' at (85725000, 76200000) with pad 'SW32:1' at (104775000, 76200000) using coordinate system rotated by 0 degree(s)
INFO: board_modifier.py:494: Adding track segment (F.Cu): [(85725000, 76200000), (104775000, 76200000)]
DEBUG: board_modifier.py:504: Could not add track segment due to detected collision
DEBUG: board_modifier.py:578: Routing at F.Cu layer
DEBUG: board_modifier.py:595: Netclass: Default, track width: 200000
DEBUG: board_modifier.py:658: Routing pad 'SW32:1' at (104775000, 76200000) with pad 'SW33:1' at (123825000, 76200000) using coordinate system rotated by 0 degree(s)
INFO: board_modifier.py:494: Adding track segment (F.Cu): [(104775000, 76200000), (123825000, 76200000)]
DEBUG: board_modifier.py:504: Could not add track segment due to detected collision
DEBUG: board_modifier.py:578: Routing at F.Cu layer
DEBUG: board_modifier.py:595: Netclass: Default, track width: 200000
DEBUG: board_modifier.py:658: Routing pad 'SW33:1' at (123825000, 76200000) with pad 'SW34:1' at (142875000, 76200000) using coordinate system rotated by 0 degree(s)
INFO: board_modifier.py:494: Adding track segment (F.Cu): [(123825000, 76200000), (142875000, 76200000)]
DEBUG: board_modifier.py:504: Could not add track segment due to detected collision
DEBUG: board_modifier.py:578: Routing at F.Cu layer
DEBUG: board_modifier.py:595: Netclass: Default, track width: 200000
DEBUG: board_modifier.py:658: Routing pad 'SW34:1' at (142875000, 76200000) with pad 'SW35:1' at (161925000, 76200000) using coordinate system rotated by 0 degree(s)
INFO: board_modifier.py:494: Adding track segment (F.Cu): [(142875000, 76200000), (161925000, 76200000)]
DEBUG: board_modifier.py:504: Could not add track segment due to detected collision
DEBUG: board_modifier.py:578: Routing at F.Cu layer
DEBUG: board_modifier.py:595: Netclass: Default, track width: 200000
DEBUG: board_modifier.py:658: Routing pad 'SW35:1' at (161925000, 76200000) with pad 'SW36:1' at (180975000, 76200000) using coordinate system rotated by 0 degree(s)
INFO: board_modifier.py:494: Adding track segment (F.Cu): [(161925000, 76200000), (180975000, 76200000)]
DEBUG: board_modifier.py:504: Could not add track segment due to detected collision
DEBUG: board_modifier.py:578: Routing at F.Cu layer
DEBUG: board_modifier.py:595: Netclass: Default, track width: 200000
DEBUG: board_modifier.py:658: Routing pad 'SW36:1' at (180975000, 76200000) with pad 'SW37:1' at (200025000, 76200000) using coordinate system rotated by 0 degree(s)
INFO: board_modifier.py:494: Adding track segment (F.Cu): [(180975000, 76200000), (200025000, 76200000)]
DEBUG: board_modifier.py:504: Could not add track segment due to detected collision
DEBUG: board_modifier.py:578: Routing at F.Cu layer
DEBUG: board_modifier.py:595: Netclass: Default, track width: 200000
DEBUG: board_modifier.py:658: Routing pad 'SW37:1' at (200025000, 76200000) with pad 'SW38:1' at (219075000, 76200000) using coordinate system rotated by 0 degree(s)
INFO: board_modifier.py:494: Adding track segment (F.Cu): [(200025000, 76200000), (219075000, 76200000)]
DEBUG: board_modifier.py:504: Could not add track segment due to detected collision
DEBUG: board_modifier.py:578: Routing at F.Cu layer
DEBUG: board_modifier.py:595: Netclass: Default, track width: 200000
DEBUG: board_modifier.py:658: Routing pad 'SW38:1' at (219075000, 76200000) with pad 'SW39:1' at (238125000, 76200000) using coordinate system rotated by 0 degree(s)
INFO: board_modifier.py:494: Adding track segment (F.Cu): [(219075000, 76200000), (238125000, 76200000)]
DEBUG: board_modifier.py:504: Could not add track segment due to detected collision
DEBUG: board_modifier.py:578: Routing at F.Cu layer
DEBUG: board_modifier.py:595: Netclass: Default, track width: 200000
DEBUG: board_modifier.py:658: Routing pad 'SW39:1' at (238125000, 76200000) with pad 'J2:8' at (243440000, 97100000) using coordinate system rotated by 0 degree(s)
INFO: board_modifier.py:494: Adding track segment (F.Cu): [(238125000, 76200000), (238125000, 91785000)]
INFO: board_modifier.py:499: Track added
INFO: board_modifier.py:494: Adding track segment (F.Cu): [(238125000, 91785000), (243440000, 97100000)]
DEBUG: board_modifier.py:504: Could not add track segment due to detected collision
INFO: board_modifier.py:494: Adding track segment (F.Cu): [(238125000, 76200000), (243440000, 81515000)]
DEBUG: board_modifier.py:504: Could not add track segment due to detected collision
DEBUG: board_modifier.py:578: Routing at F.Cu layer
DEBUG: board_modifier.py:595: Netclass: Default, track width: 200000
DEBUG: board_modifier.py:658: Routing pad 'J2:8' at (243440000, 97100000) with pad 'J4:8' at (243440000, 100700000) using coordinate system rotated by 0 degree(s)
INFO: board_modifier.py:494: Adding track segment (F.Cu): [(243440000, 97100000), (243440000, 100700000)]
INFO: board_modifier.py:499: Track added
DEBUG: board_modifier.py:578: Routing at F.Cu layer
DEBUG: board_modifier.py:595: Netclass: Default, track width: 200000
DEBUG: board_modifier.py:658: Routing pad 'SW39:1' at (238125000, 76200000) with pad 'SW40:1' at (257175000, 76200000) using coordinate system rotated by 0 degree(s)
INFO: board_modifier.py:494: Adding track segment (F.Cu): [(238125000, 76200000), (257175000, 76200000)]
DEBUG: board_modifier.py:504: Could not add track segment due to detected collision
DEBUG: board_modifier.py:578: Routing at F.Cu layer
DEBUG: board_modifier.py:595: Netclass: Default, track width: 200000
DEBUG: board_modifier.py:658: Routing pad 'SW40:1' at (257175000, 76200000) with pad 'SW41:1' at (276225000, 76200000) using coordinate system rotated by 0 degree(s)
INFO: board_modifier.py:494: Adding track segment (F.Cu): [(257175000, 76200000), (276225000, 76200000)]
DEBUG: board_modifier.py:504: Could not add track segment due to detected collision
DEBUG: board_modifier.py:578: Routing at F.Cu layer
DEBUG: board_modifier.py:595: Netclass: Default, track width: 200000
DEBUG: board_modifier.py:658: Routing pad 'SW41:1' at (276225000, 76200000) with pad 'SW42:1' at (300037500, 76200000) using coordinate system rotated by 0 degree(s)
INFO: board_modifier.py:494: Adding track segment (F.Cu): [(276225000, 76200000), (300037500, 76200000)]
DEBUG: board_modifier.py:504: Could not add track segment due to detected collision
DEBUG: key_placer.py:979: Routing X12 pads
DEBUG: board_modifier.py:578: Routing at F.Cu layer
DEBUG: board_modifier.py:595: Netclass: Default, track width: 200000
DEBUG: board_modifier.py:658: Routing pad 'J1:6' at (238360000, 123590000) with pad 'J5:6' at (238360000, 127200000) using coordinate system rotated by 0 degree(s)
INFO: board_modifier.py:494: Adding track segment (F.Cu): [(238360000, 123590000), (238360000, 127200000)]
INFO: board_modifier.py:499: Track added
DEBUG: board_modifier.py:578: Routing at F.Cu layer
DEBUG: board_modifier.py:595: Netclass: Default, track width: 200000
DEBUG: board_modifier.py:658: Routing pad 'D27:1' at (271780000, 61150000) with pad 'D13:1' at (271780000, 42100000) using coordinate system rotated by 0 degree(s)
INFO: board_modifier.py:494: Adding track segment (F.Cu): [(271780000, 61150000), (271780000, 42100000)]
DEBUG: board_modifier.py:504: Could not add track segment due to detected collision
DEBUG: board_modifier.py:578: Routing at F.Cu layer
DEBUG: board_modifier.py:595: Netclass: Default, track width: 200000
DEBUG: board_modifier.py:658: Routing pad 'D41:1' at (281305000, 80200000) with pad 'D27:1' at (271780000, 61150000) using coordinate system rotated by 0 degree(s)
INFO: board_modifier.py:494: Adding track segment (F.Cu): [(281305000, 80200000), (281305000, 70675000)]
DEBUG: board_modifier.py:504: Could not add track segment due to detected collision
INFO: board_modifier.py:494: Adding track segment (F.Cu): [(281305000, 80200000), (271780000, 70675000)]
DEBUG: board_modifier.py:504: Could not add track segment due to detected collision
DEBUG: board_modifier.py:578: Routing at F.Cu layer
DEBUG: board_modifier.py:595: Netclass: Default, track width: 200000
DEBUG: board_modifier.py:658: Routing pad 'J1:6' at (238360000, 123590000) with pad 'D41:1' at (281305000, 80200000) using coordinate system rotated by 0 degree(s)
INFO: board_modifier.py:494: Adding track segment (F.Cu): [(238360000, 123590000), (238360000, 123145000)]
INFO: board_modifier.py:499: Track added
INFO: board_modifier.py:494: Adding track segment (F.Cu): [(238360000, 123145000), (281305000, 80200000)]
DEBUG: board_modifier.py:504: Could not add track segment due to detected collision
INFO: board_modifier.py:494: Adding track segment (F.Cu): [(238360000, 123590000), (281305000, 80645000)]
DEBUG: board_modifier.py:504: Could not add track segment due to detected collision
DEBUG: board_modifier.py:578: Routing at F.Cu layer
DEBUG: board_modifier.py:595: Netclass: Default, track width: 200000
DEBUG: board_modifier.py:658: Routing pad 'D41:1' at (281305000, 80200000) with pad 'D55:1' at (297973750, 99250000) using coordinate system rotated by 0 degree(s)
INFO: board_modifier.py:494: Adding track segment (F.Cu): [(281305000, 80200000), (281305000, 82581250)]
INFO: board_modifier.py:499: Track added
INFO: board_modifier.py:494: Adding track segment (F.Cu): [(281305000, 82581250), (297973750, 99250000)]
DEBUG: board_modifier.py:504: Could not add track segment due to detected collision
INFO: board_modifier.py:494: Adding track segment (F.Cu): [(281305000, 80200000), (297973750, 96868750)]
DEBUG: board_modifier.py:504: Could not add track segment due to detected collision
DEBUG: key_placer.py:979: Routing X11 pads
DEBUG: board_modifier.py:578: Routing at F.Cu layer
DEBUG: board_modifier.py:595: Netclass: Default, track width: 200000
DEBUG: board_modifier.py:658: Routing pad 'J1:7' at (240900000, 123590000) with pad 'J5:7' at (240900000, 127200000) using coordinate system rotated by 0 degree(s)
INFO: board_modifier.py:494: Adding track segment (F.Cu): [(240900000, 123590000), (240900000, 127200000)]
INFO: board_modifier.py:499: Track added
DEBUG: board_modifier.py:578: Routing at F.Cu layer
DEBUG: board_modifier.py:595: Netclass: Default, track width: 200000
DEBUG: board_modifier.py:658: Routing pad 'D26:1' at (252730000, 61150000) with pad 'D12:1' at (252730000, 42100000) using coordinate system rotated by 0 degree(s)
INFO: board_modifier.py:494: Adding track segment (F.Cu): [(252730000, 61150000), (252730000, 42100000)]
DEBUG: board_modifier.py:504: Could not add track segment due to detected collision
DEBUG: board_modifier.py:578: Routing at F.Cu layer
DEBUG: board_modifier.py:595: Netclass: Default, track width: 200000
DEBUG: board_modifier.py:658: Routing pad 'D40:1' at (262255000, 80200000) with pad 'D26:1' at (252730000, 61150000) using coordinate system rotated by 0 degree(s)
INFO: board_modifier.py:494: Adding track segment (F.Cu): [(262255000, 80200000), (262255000, 70675000)]
DEBUG: board_modifier.py:504: Could not add track segment due to detected collision
INFO: board_modifier.py:494: Adding track segment (F.Cu): [(262255000, 80200000), (252730000, 70675000)]
DEBUG: board_modifier.py:504: Could not add track segment due to detected collision
DEBUG: board_modifier.py:578: Routing at F.Cu layer
DEBUG: board_modifier.py:595: Netclass: Default, track width: 200000
DEBUG: board_modifier.py:658: Routing pad 'D54:1' at (267017500, 99250000) with pad 'D40:1' at (262255000, 80200000) using coordinate system rotated by 0 degree(s)
INFO: board_modifier.py:494: Adding track segment (F.Cu): [(267017500, 99250000), (267017500, 84962500)]
DEBUG: board_modifier.py:504: Could not add track segment due to detected collision
INFO: board_modifier.py:494: Adding track segment (F.Cu): [(267017500, 99250000), (262255000, 94487500)]
DEBUG: board_modifier.py:504: Could not add track segment due to detected collision
DEBUG: board_modifier.py:578: Routing at F.Cu layer
DEBUG: board_modifier.py:595: Netclass: Default, track width: 200000
DEBUG: board_modifier.py:658: Routing pad 'J1:7' at (240900000, 123590000) with pad 'D54:1' at (267017500, 99250000) using coordinate system rotated by 0 degree(s)
INFO: board_modifier.py:494: Adding track segment (F.Cu): [(240900000, 123590000), (242677500, 123590000)]
DEBUG: board_modifier.py:504: Could not add track segment due to detected collision
INFO: board_modifier.py:494: Adding track segment (F.Cu): [(240900000, 123590000), (265240000, 99250000)]
DEBUG: board_modifier.py:504: Could not add track segment due to detected collision
DEBUG: board_modifier.py:578: Routing at F.Cu layer
DEBUG: board_modifier.py:595: Netclass: Default, track width: 200000
DEBUG: board_modifier.py:658: Routing pad 'D54:1' at (267017500, 99250000) with pad 'D67:1' at (290830000, 118300000) using coordinate system rotated by 0 degree(s)
INFO: board_modifier.py:494: Adding track segment (F.Cu): [(267017500, 99250000), (271780000, 99250000)]
INFO: board_modifier.py:499: Track added
INFO: board_modifier.py:494: Adding track segment (F.Cu): [(271780000, 99250000), (290830000, 118300000)]
DEBUG: board_modifier.py:504: Could not add track segment due to detected collision
INFO: board_modifier.py:494: Adding track segment (F.Cu): [(267017500, 99250000), (286067500, 118300000)]
DEBUG: board_modifier.py:504: Could not add track segment due to detected collision
DEBUG: key_placer.py:979: Routing Y5 pads
DEBUG: board_modifier.py:578: Routing at F.Cu layer
DEBUG: board_modifier.py:595: Netclass: Default, track width: 200000
DEBUG: board_modifier.py:658: Routing pad 'SW68:1' at (40481250, 133350000) with pad 'SW69:1' at (61912500, 133350000) using coordinate system rotated by 0 degree(s)
INFO: board_modifier.py:494: Adding track segment (F.Cu): [(40481250, 133350000), (61912500, 133350000)]
DEBUG: board_modifier.py:504: Could not add track segment due to detected collision
DEBUG: board_modifier.py:578: Routing at F.Cu layer
DEBUG: board_modifier.py:595: Netclass: Default, track width: 200000
DEBUG: board_modifier.py:658: Routing pad 'SW69:1' at (61912500, 133350000) with pad 'SW70:1' at (83343750, 133350000) using coordinate system rotated by 0 degree(s)
INFO: board_modifier.py:494: Adding track segment (F.Cu): [(61912500, 133350000), (83343750, 133350000)]
DEBUG: board_modifier.py:504: Could not add track segment due to detected collision
DEBUG: board_modifier.py:578: Routing at F.Cu layer
DEBUG: board_modifier.py:595: Netclass: Default, track width: 200000
DEBUG: board_modifier.py:658: Routing pad 'SW70:1' at (83343750, 133350000) with pad 'SW71:1' at (107156250, 133350000) using coordinate system rotated by 0 degree(s)
INFO: board_modifier.py:494: Adding track segment (F.Cu): [(83343750, 133350000), (107156250, 133350000)]
DEBUG: board_modifier.py:504: Could not add track segment due to detected collision
DEBUG: board_modifier.py:578: Routing at F.Cu layer
DEBUG: board_modifier.py:595: Netclass: Default, track width: 200000
DEBUG: board_modifier.py:658: Routing pad 'SW71:1' at (107156250, 133350000) with pad 'SW72:1' at (169068750, 133350000) using coordinate system rotated by 0 degree(s)
INFO: board_modifier.py:494: Adding track segment (F.Cu): [(107156250, 133350000), (169068750, 133350000)]
DEBUG: board_modifier.py:504: Could not add track segment due to detected collision
DEBUG: board_modifier.py:578: Routing at F.Cu layer
DEBUG: board_modifier.py:595: Netclass: Default, track width: 200000
DEBUG: board_modifier.py:658: Routing pad 'SW72:1' at (169068750, 133350000) with pad 'SW73:1' at (228600000, 133350000) using coordinate system rotated by 0 degree(s)
INFO: board_modifier.py:494: Adding track segment (F.Cu): [(169068750, 133350000), (228600000, 133350000)]
DEBUG: board_modifier.py:504: Could not add track segment due to detected collision
DEBUG: board_modifier.py:578: Routing at F.Cu layer
DEBUG: board_modifier.py:595: Netclass: Default, track width: 200000
DEBUG: board_modifier.py:658: Routing pad 'SW73:1' at (228600000, 133350000) with pad 'SW74:1' at (247650000, 133350000) using coordinate system rotated by 0 degree(s)
INFO: board_modifier.py:494: Adding track segment (F.Cu): [(228600000, 133350000), (247650000, 133350000)]
INFO: board_modifier.py:499: Track added
DEBUG: board_modifier.py:578: Routing at F.Cu layer
DEBUG: board_modifier.py:595: Netclass: Default, track width: 200000
DEBUG: board_modifier.py:658: Routing pad 'J4:11' at (251060000, 100700000) with pad 'J2:11' at (251060000, 97100000) using coordinate system rotated by 0 degree(s)
INFO: board_modifier.py:494: Adding track segment (F.Cu): [(251060000, 100700000), (251060000, 97100000)]
INFO: board_modifier.py:499: Track added
DEBUG: board_modifier.py:578: Routing at F.Cu layer
DEBUG: board_modifier.py:595: Netclass: Default, track width: 200000
DEBUG: board_modifier.py:658: Routing pad 'SW74:1' at (247650000, 133350000) with pad 'J4:11' at (251060000, 100700000) using coordinate system rotated by 0 degree(s)
INFO: board_modifier.py:494: Adding track segment (F.Cu): [(247650000, 133350000), (247650000, 104110000)]
DEBUG: board_modifier.py:504: Could not add track segment due to detected collision
INFO: board_modifier.py:494: Adding track segment (F.Cu): [(247650000, 133350000), (251060000, 129940000)]
INFO: board_modifier.py:499: Track added
INFO: board_modifier.py:494: Adding track segment (F.Cu): [(251060000, 129940000), (251060000, 100700000)]
DEBUG: board_modifier.py:504: Could not add track segment due to detected collision
DEBUG: board_modifier.py:578: Routing at F.Cu layer
DEBUG: board_modifier.py:595: Netclass: Default, track width: 200000
DEBUG: board_modifier.py:658: Routing pad 'SW74:1' at (247650000, 133350000) with pad 'SW75:1' at (266700000, 133350000) using coordinate system rotated by 0 degree(s)
INFO: board_modifier.py:494: Adding track segment (F.Cu): [(247650000, 133350000), (266700000, 133350000)]
INFO: board_modifier.py:499: Track added
DEBUG: board_modifier.py:578: Routing at F.Cu layer
DEBUG: board_modifier.py:595: Netclass: Default, track width: 200000
DEBUG: board_modifier.py:658: Routing pad 'SW75:1' at (266700000, 133350000) with pad 'SW76:1' at (285750000, 133350000) using coordinate system rotated by 0 degree(s)
INFO: board_modifier.py:494: Adding track segment (F.Cu): [(266700000, 133350000), (285750000, 133350000)]
DEBUG: board_modifier.py:504: Could not add track segment due to detected collision
DEBUG: board_modifier.py:578: Routing at F.Cu layer
DEBUG: board_modifier.py:595: Netclass: Default, track width: 200000
DEBUG: board_modifier.py:658: Routing pad 'SW76:1' at (285750000, 133350000) with pad 'SW77:1' at (304800000, 133350000) using coordinate system rotated by 0 degree(s)
INFO: board_modifier.py:494: Adding track segment (F.Cu): [(285750000, 133350000), (304800000, 133350000)]
DEBUG: board_modifier.py:504: Could not add track segment due to detected collision
DEBUG: key_placer.py:979: Routing X8 pads
DEBUG: board_modifier.py:578: Routing at F.Cu layer
DEBUG: board_modifier.py:595: Netclass: Default, track width: 200000
DEBUG: board_modifier.py:658: Routing pad 'D9:1' at (195580000, 42100000) with pad 'D23:1' at (195580000, 61150000) using coordinate system rotated by 0 degree(s)
INFO: board_modifier.py:494: Adding track segment (F.Cu): [(195580000, 42100000), (195580000, 61150000)]
DEBUG: board_modifier.py:504: Could not add track segment due to detected collision
DEBUG: board_modifier.py:578: Routing at F.Cu layer
DEBUG: board_modifier.py:595: Netclass: Default, track width: 200000
DEBUG: board_modifier.py:658: Routing pad 'D23:1' at (195580000, 61150000) with pad 'D37:1' at (205105000, 80200000) using coordinate system rotated by 0 degree(s)
INFO: board_modifier.py:494: Adding track segment (F.Cu): [(195580000, 61150000), (195580000, 70675000)]
INFO: board_modifier.py:499: Track added
INFO: board_modifier.py:494: Adding track segment (F.Cu): [(195580000, 70675000), (205105000, 80200000)]
DEBUG: board_modifier.py:504: Could not add track segment due to detected collision
INFO: board_modifier.py:494: Adding track segment (F.Cu): [(195580000, 61150000), (205105000, 70675000)]
DEBUG: board_modifier.py:504: Could not add track segment due to detected collision
DEBUG: board_modifier.py:578: Routing at F.Cu layer
DEBUG: board_modifier.py:595: Netclass: Default, track width: 200000
DEBUG: board_modifier.py:658: Routing pad 'D37:1' at (205105000, 80200000) with pad 'D51:1' at (209867500, 99250000) using coordinate system rotated by 0 degree(s)
INFO: board_modifier.py:494: Adding track segment (F.Cu): [(205105000, 80200000), (205105000, 94487500)]
DEBUG: board_modifier.py:504: Could not add track segment due to detected collision
INFO: board_modifier.py:494: Adding track segment (F.Cu): [(205105000, 80200000), (209867500, 84962500)]
INFO: board_modifier.py:499: Track added
INFO: board_modifier.py:494: Adding track segment (F.Cu): [(209867500, 84962500), (209867500, 99250000)]
DEBUG: board_modifier.py:504: Could not add track segment due to detected collision
DEBUG: board_modifier.py:578: Routing at F.Cu layer
DEBUG: board_modifier.py:595: Netclass: Default, track width: 200000
DEBUG: board_modifier.py:658: Routing pad 'D51:1' at (209867500, 99250000) with pad 'D64:1' at (219392500, 118300000) using coordinate system rotated by 0 degree(s)
INFO: board_modifier.py:494: Adding track segment (F.Cu): [(209867500, 99250000), (209867500, 108775000)]
INFO: board_modifier.py:499: Track added
INFO: board_modifier.py:494: Adding track segment (F.Cu): [(209867500, 108775000), (219392500, 118300000)]
DEBUG: board_modifier.py:504: Could not add track segment due to detected collision
INFO: board_modifier.py:494: Adding track segment (F.Cu): [(209867500, 99250000), (219392500, 108775000)]
DEBUG: board_modifier.py:504: Could not add track segment due to detected collision
DEBUG: board_modifier.py:578: Routing at F.Cu layer
DEBUG: board_modifier.py:595: Netclass: Default, track width: 200000
DEBUG: board_modifier.py:658: Routing pad 'D64:1' at (219392500, 118300000) with pad 'J1:10' at (248520000, 123590000) using coordinate system rotated by 0 degree(s)
INFO: board_modifier.py:494: Adding track segment (F.Cu): [(219392500, 118300000), (243230000, 118300000)]
DEBUG: board_modifier.py:504: Could not add track segment due to detected collision
INFO: board_modifier.py:494: Adding track segment (F.Cu): [(219392500, 118300000), (224682500, 123590000)]
DEBUG: board_modifier.py:504: Could not add track segment due to detected collision
DEBUG: board_modifier.py:578: Routing at F.Cu layer
DEBUG: board_modifier.py:595: Netclass: Default, track width: 200000
DEBUG: board_modifier.py:658: Routing pad 'J1:10' at (248520000, 123590000) with pad 'J5:10' at (248520000, 127200000) using coordinate system rotated by 0 degree(s)
INFO: board_modifier.py:494: Adding track segment (F.Cu): [(248520000, 123590000), (248520000, 127200000)]
INFO: board_modifier.py:499: Track added
DEBUG: board_modifier.py:578: Routing at F.Cu layer
DEBUG: board_modifier.py:595: Netclass: Default, track width: 200000
DEBUG: board_modifier.py:658: Routing pad 'J5:10' at (248520000, 127200000) with pad 'D76:1' at (290830000, 137350000) using coordinate system rotated by 0 degree(s)
INFO: board_modifier.py:494: Adding track segment (F.Cu): [(248520000, 127200000), (280680000, 127200000)]
DEBUG: board_modifier.py:504: Could not add track segment due to detected collision
INFO: board_modifier.py:494: Adding track segment (F.Cu): [(248520000, 127200000), (258670000, 137350000)]
DEBUG: board_modifier.py:504: Could not add track segment due to detected collision
DEBUG: key_placer.py:979: Routing Y3 pads
DEBUG: board_modifier.py:578: Routing at F.Cu layer
DEBUG: board_modifier.py:595: Netclass: Default, track width: 200000
DEBUG: board_modifier.py:658: Routing pad 'SW43:1' at (45243750, 95250000) with pad 'SW44:1' at (71437500, 95250000) using coordinate system rotated by 0 degree(s)
INFO: board_modifier.py:494: Adding track segment (F.Cu): [(45243750, 95250000), (71437500, 95250000)]
DEBUG: board_modifier.py:504: Could not add track segment due to detected collision
DEBUG: board_modifier.py:578: Routing at F.Cu layer
DEBUG: board_modifier.py:595: Netclass: Default, track width: 200000
DEBUG: board_modifier.py:658: Routing pad 'SW44:1' at (71437500, 95250000) with pad 'SW45:1' at (90487500, 95250000) using coordinate system rotated by 0 degree(s)
INFO: board_modifier.py:494: Adding track segment (F.Cu): [(71437500, 95250000), (90487500, 95250000)]
DEBUG: board_modifier.py:504: Could not add track segment due to detected collision
DEBUG: board_modifier.py:578: Routing at F.Cu layer
DEBUG: board_modifier.py:595: Netclass: Default, track width: 200000
DEBUG: board_modifier.py:658: Routing pad 'SW45:1' at (90487500, 95250000) with pad 'SW46:1' at (109537500, 95250000) using coordinate system rotated by 0 degree(s)
INFO: board_modifier.py:494: Adding track segment (F.Cu): [(90487500, 95250000), (109537500, 95250000)]
DEBUG: board_modifier.py:504: Could not add track segment due to detected collision
DEBUG: board_modifier.py:578: Routing at F.Cu layer
DEBUG: board_modifier.py:595: Netclass: Default, track width: 200000
DEBUG: board_modifier.py:658: Routing pad 'SW46:1' at (109537500, 95250000) with pad 'SW47:1' at (128587500, 95250000) using coordinate system rotated by 0 degree(s)
INFO: board_modifier.py:494: Adding track segment (F.Cu): [(109537500, 95250000), (128587500, 95250000)]
DEBUG: board_modifier.py:504: Could not add track segment due to detected collision
DEBUG: board_modifier.py:578: Routing at F.Cu layer
DEBUG: board_modifier.py:595: Netclass: Default, track width: 200000
DEBUG: board_modifier.py:658: Routing pad 'SW47:1' at (128587500, 95250000) with pad 'SW48:1' at (147637500, 95250000) using coordinate system rotated by 0 degree(s)
INFO: board_modifier.py:494: Adding track segment (F.Cu): [(128587500, 95250000), (147637500, 95250000)]
DEBUG: board_modifier.py:504: Could not add track segment due to detected collision
DEBUG: board_modifier.py:578: Routing at F.Cu layer
DEBUG: board_modifier.py:595: Netclass: Default, track width: 200000
DEBUG: board_modifier.py:658: Routing pad 'SW48:1' at (147637500, 95250000) with pad 'SW49:1' at (166687500, 95250000) using coordinate system rotated by 0 degree(s)
INFO: board_modifier.py:494: Adding track segment (F.Cu): [(147637500, 95250000), (166687500, 95250000)]
DEBUG: board_modifier.py:504: Could not add track segment due to detected collision
DEBUG: board_modifier.py:578: Routing at F.Cu layer
DEBUG: board_modifier.py:595: Netclass: Default, track width: 200000
DEBUG: board_modifier.py:658: Routing pad 'SW49:1' at (166687500, 95250000) with pad 'SW50:1' at (185737500, 95250000) using coordinate system rotated by 0 degree(s)
INFO: board_modifier.py:494: Adding track segment (F.Cu): [(166687500, 95250000), (185737500, 95250000)]
DEBUG: board_modifier.py:504: Could not add track segment due to detected collision
DEBUG: board_modifier.py:578: Routing at F.Cu layer
DEBUG: board_modifier.py:595: Netclass: Default, track width: 200000
DEBUG: board_modifier.py:658: Routing pad 'SW50:1' at (185737500, 95250000) with pad 'SW51:1' at (204787500, 95250000) using coordinate system rotated by 0 degree(s)
INFO: board_modifier.py:494: Adding track segment (F.Cu): [(185737500, 95250000), (204787500, 95250000)]
DEBUG: board_modifier.py:504: Could not add track segment due to detected collision
DEBUG: board_modifier.py:578: Routing at F.Cu layer
DEBUG: board_modifier.py:595: Netclass: Default, track width: 200000
DEBUG: board_modifier.py:658: Routing pad 'SW51:1' at (204787500, 95250000) with pad 'SW52:1' at (223837500, 95250000) using coordinate system rotated by 0 degree(s)
INFO: board_modifier.py:494: Adding track segment (F.Cu): [(204787500, 95250000), (223837500, 95250000)]
DEBUG: board_modifier.py:504: Could not add track segment due to detected collision
DEBUG: board_modifier.py:578: Routing at F.Cu layer
DEBUG: board_modifier.py:595: Netclass: Default, track width: 200000
DEBUG: board_modifier.py:658: Routing pad 'SW52:1' at (223837500, 95250000) with pad 'SW53:1' at (242887500, 95250000) using coordinate system rotated by 0 degree(s)
INFO: board_modifier.py:494: Adding track segment (F.Cu): [(223837500, 95250000), (242887500, 95250000)]
INFO: board_modifier.py:499: Track added
DEBUG: board_modifier.py:578: Routing at F.Cu layer
DEBUG: board_modifier.py:595: Netclass: Default, track width: 200000
DEBUG: board_modifier.py:658: Routing pad 'SW53:1' at (242887500, 95250000) with pad 'J2:9' at (245980000, 97100000) using coordinate system rotated by 0 degree(s)
INFO: board_modifier.py:494: Adding track segment (F.Cu): [(242887500, 95250000), (244130000, 95250000)]
INFO: board_modifier.py:499: Track added
INFO: board_modifier.py:494: Adding track segment (F.Cu): [(244130000, 95250000), (245980000, 97100000)]
INFO: board_modifier.py:499: Track added
DEBUG: board_modifier.py:578: Routing at F.Cu layer
DEBUG: board_modifier.py:595: Netclass: Default, track width: 200000
DEBUG: board_modifier.py:658: Routing pad 'J2:9' at (245980000, 97100000) with pad 'J4:9' at (245980000, 100700000) using coordinate system rotated by 0 degree(s)
INFO: board_modifier.py:494: Adding track segment (F.Cu): [(245980000, 97100000), (245980000, 100700000)]
DEBUG: board_modifier.py:504: Could not add track segment due to detected collision
DEBUG: board_modifier.py:578: Routing at F.Cu layer
DEBUG: board_modifier.py:595: Netclass: Default, track width: 200000
DEBUG: board_modifier.py:658: Routing pad 'J2:9' at (245980000, 97100000) with pad 'SW54:1' at (261937500, 95250000) using coordinate system rotated by 0 degree(s)
INFO: board_modifier.py:494: Adding track segment (F.Cu): [(245980000, 97100000), (260087500, 97100000)]
DEBUG: board_modifier.py:504: Could not add track segment due to detected collision
INFO: board_modifier.py:494: Adding track segment (F.Cu): [(245980000, 97100000), (247830000, 95250000)]
INFO: board_modifier.py:499: Track added
INFO: board_modifier.py:494: Adding track segment (F.Cu): [(247830000, 95250000), (261937500, 95250000)]
INFO: board_modifier.py:499: Track added
DEBUG: board_modifier.py:578: Routing at F.Cu layer
DEBUG: board_modifier.py:595: Netclass: Default, track width: 200000
DEBUG: board_modifier.py:658: Routing pad 'SW54:1' at (261937500, 95250000) with pad 'SW55:1' at (292893750, 95250000) using coordinate system rotated by 0 degree(s)
INFO: board_modifier.py:494: Adding track segment (F.Cu): [(261937500, 95250000), (292893750, 95250000)]
DEBUG: board_modifier.py:504: Could not add track segment due to detected collision
DEBUG: key_placer.py:979: Routing X2 pads
DEBUG: board_modifier.py:578: Routing at F.Cu layer
DEBUG: board_modifier.py:595: Netclass: Default, track width: 200000
DEBUG: board_modifier.py:658: Routing pad 'D3:1' at (81280000, 42100000) with pad 'D17:1' at (81280000, 61150000) using coordinate system rotated by 0 degree(s)
INFO: board_modifier.py:494: Adding track segment (F.Cu): [(81280000, 42100000), (81280000, 61150000)]
DEBUG: board_modifier.py:504: Could not add track segment due to detected collision
DEBUG: board_modifier.py:578: Routing at F.Cu layer
DEBUG: board_modifier.py:595: Netclass: Default, track width: 200000
DEBUG: board_modifier.py:658: Routing pad 'D58:1' at (105092500, 118300000) with pad 'D70:1' at (88423750, 137350000) using coordinate system rotated by 0 degree(s)
INFO: board_modifier.py:494: Adding track segment (F.Cu): [(105092500, 118300000), (105092500, 120681250)]
INFO: board_modifier.py:499: Track added
INFO: board_modifier.py:494: Adding track segment (F.Cu): [(105092500, 120681250), (88423750, 137350000)]
INFO: board_modifier.py:499: Track added
DEBUG: board_modifier.py:578: Routing at F.Cu layer
DEBUG: board_modifier.py:595: Netclass: Default, track width: 200000
DEBUG: board_modifier.py:658: Routing pad 'D17:1' at (81280000, 61150000) with pad 'D31:1' at (90805000, 80200000) using coordinate system rotated by 0 degree(s)
INFO: board_modifier.py:494: Adding track segment (F.Cu): [(81280000, 61150000), (81280000, 70675000)]
INFO: board_modifier.py:499: Track added
INFO: board_modifier.py:494: Adding track segment (F.Cu): [(81280000, 70675000), (90805000, 80200000)]
DEBUG: board_modifier.py:504: Could not add track segment due to detected collision
INFO: board_modifier.py:494: Adding track segment (F.Cu): [(81280000, 61150000), (90805000, 70675000)]
DEBUG: board_modifier.py:504: Could not add track segment due to detected collision
DEBUG: board_modifier.py:578: Routing at F.Cu layer
DEBUG: board_modifier.py:595: Netclass: Default, track width: 200000
DEBUG: board_modifier.py:658: Routing pad 'D31:1' at (90805000, 80200000) with pad 'D45:1' at (95567500, 99250000) using coordinate system rotated by 0 degree(s)
INFO: board_modifier.py:494: Adding track segment (F.Cu): [(90805000, 80200000), (90805000, 94487500)]
DEBUG: board_modifier.py:504: Could not add track segment due to detected collision
INFO: board_modifier.py:494: Adding track segment (F.Cu): [(90805000, 80200000), (95567500, 84962500)]
INFO: board_modifier.py:499: Track added
INFO: board_modifier.py:494: Adding track segment (F.Cu): [(95567500, 84962500), (95567500, 99250000)]
DEBUG: board_modifier.py:504: Could not add track segment due to detected collision
DEBUG: board_modifier.py:578: Routing at F.Cu layer
DEBUG: board_modifier.py:595: Netclass: Default, track width: 200000
DEBUG: board_modifier.py:658: Routing pad 'D45:1' at (95567500, 99250000) with pad 'D58:1' at (105092500, 118300000) using coordinate system rotated by 0 degree(s)
INFO: board_modifier.py:494: Adding track segment (F.Cu): [(95567500, 99250000), (95567500, 108775000)]
INFO: board_modifier.py:499: Track added
INFO: board_modifier.py:494: Adding track segment (F.Cu): [(95567500, 108775000), (105092500, 118300000)]
DEBUG: board_modifier.py:504: Could not add track segment due to detected collision
INFO: board_modifier.py:494: Adding track segment (F.Cu): [(95567500, 99250000), (105092500, 108775000)]
DEBUG: board_modifier.py:504: Could not add track segment due to detected collision
DEBUG: board_modifier.py:578: Routing at F.Cu layer
DEBUG: board_modifier.py:595: Netclass: Default, track width: 200000
DEBUG: board_modifier.py:658: Routing pad 'D58:1' at (105092500, 118300000) with pad 'J1:16' at (263760000, 123590000) using coordinate system rotated by 0 degree(s)
INFO: board_modifier.py:494: Adding track segment (F.Cu): [(105092500, 118300000), (258470000, 118300000)]
DEBUG: board_modifier.py:504: Could not add track segment due to detected collision
INFO: board_modifier.py:494: Adding track segment (F.Cu): [(105092500, 118300000), (110382500, 123590000)]
INFO: board_modifier.py:499: Track added
INFO: board_modifier.py:494: Adding track segment (F.Cu): [(110382500, 123590000), (263760000, 123590000)]
DEBUG: board_modifier.py:504: Could not add track segment due to detected collision
DEBUG: board_modifier.py:578: Routing at F.Cu layer
DEBUG: board_modifier.py:595: Netclass: Default, track width: 200000
DEBUG: board_modifier.py:658: Routing pad 'J1:16' at (263760000, 123590000) with pad 'J5:16' at (263760000, 127200000) using coordinate system rotated by 0 degree(s)
INFO: board_modifier.py:494: Adding track segment (F.Cu): [(263760000, 123590000), (263760000, 127200000)]
INFO: board_modifier.py:499: Track added
DEBUG: key_placer.py:979: Routing X9 pads
DEBUG: board_modifier.py:578: Routing at F.Cu layer
DEBUG: board_modifier.py:595: Netclass: Default, track width: 200000
DEBUG: board_modifier.py:658: Routing pad 'D10:1' at (214630000, 42100000) with pad 'D24:1' at (214630000, 61150000) using coordinate system rotated by 0 degree(s)
INFO: board_modifier.py:494: Adding track segment (F.Cu): [(214630000, 42100000), (214630000, 61150000)]
DEBUG: board_modifier.py:504: Could not add track segment due to detected collision
DEBUG: board_modifier.py:578: Routing at F.Cu layer
DEBUG: board_modifier.py:595: Netclass: Default, track width: 200000
DEBUG: board_modifier.py:658: Routing pad 'D24:1' at (214630000, 61150000) with pad 'D38:1' at (224155000, 80200000) using coordinate system rotated by 0 degree(s)
INFO: board_modifier.py:494: Adding track segment (F.Cu): [(214630000, 61150000), (214630000, 70675000)]
INFO: board_modifier.py:499: Track added
INFO: board_modifier.py:494: Adding track segment (F.Cu): [(214630000, 70675000), (224155000, 80200000)]
DEBUG: board_modifier.py:504: Could not add track segment due to detected collision
INFO: board_modifier.py:494: Adding track segment (F.Cu): [(214630000, 61150000), (224155000, 70675000)]
DEBUG: board_modifier.py:504: Could not add track segment due to detected collision
DEBUG: board_modifier.py:578: Routing at F.Cu layer
DEBUG: board_modifier.py:595: Netclass: Default, track width: 200000
DEBUG: board_modifier.py:658: Routing pad 'D38:1' at (224155000, 80200000) with pad 'D52:1' at (228917500, 99250000) using coordinate system rotated by 0 degree(s)
INFO: board_modifier.py:494: Adding track segment (F.Cu): [(224155000, 80200000), (224155000, 94487500)]
DEBUG: board_modifier.py:504: Could not add track segment due to detected collision
INFO: board_modifier.py:494: Adding track segment (F.Cu): [(224155000, 80200000), (228917500, 84962500)]
INFO: board_modifier.py:499: Track added
INFO: board_modifier.py:494: Adding track segment (F.Cu): [(228917500, 84962500), (228917500, 99250000)]
DEBUG: board_modifier.py:504: Could not add track segment due to detected collision
DEBUG: board_modifier.py:578: Routing at F.Cu layer
DEBUG: board_modifier.py:595: Netclass: Default, track width: 200000
DEBUG: board_modifier.py:658: Routing pad 'D52:1' at (228917500, 99250000) with pad 'D65:1' at (238442500, 118300000) using coordinate system rotated by 0 degree(s)
INFO: board_modifier.py:494: Adding track segment (F.Cu): [(228917500, 99250000), (228917500, 108775000)]
DEBUG: board_modifier.py:504: Could not add track segment due to detected collision
INFO: board_modifier.py:494: Adding track segment (F.Cu): [(228917500, 99250000), (238442500, 108775000)]
DEBUG: board_modifier.py:504: Could not add track segment due to detected collision
DEBUG: board_modifier.py:578: Routing at F.Cu layer
DEBUG: board_modifier.py:595: Netclass: Default, track width: 200000
DEBUG: board_modifier.py:658: Routing pad 'D65:1' at (238442500, 118300000) with pad 'J1:9' at (245980000, 123590000) using coordinate system rotated by 0 degree(s)
INFO: board_modifier.py:494: Adding track segment (F.Cu): [(238442500, 118300000), (240690000, 118300000)]
INFO: board_modifier.py:499: Track added
INFO: board_modifier.py:494: Adding track segment (F.Cu): [(240690000, 118300000), (245980000, 123590000)]
INFO: board_modifier.py:499: Track added
DEBUG: board_modifier.py:578: Routing at F.Cu layer
DEBUG: board_modifier.py:595: Netclass: Default, track width: 200000
DEBUG: board_modifier.py:658: Routing pad 'J1:9' at (245980000, 123590000) with pad 'J5:9' at (245980000, 127200000) using coordinate system rotated by 0 degree(s)
INFO: board_modifier.py:494: Adding track segment (F.Cu): [(245980000, 123590000), (245980000, 127200000)]
INFO: board_modifier.py:499: Track added
DEBUG: board_modifier.py:578: Routing at F.Cu layer
DEBUG: board_modifier.py:595: Netclass: Default, track width: 200000
DEBUG: board_modifier.py:658: Routing pad 'J5:9' at (245980000, 127200000) with pad 'D77:1' at (309880000, 137350000) using coordinate system rotated by 0 degree(s)
INFO: board_modifier.py:494: Adding track segment (F.Cu): [(245980000, 127200000), (299730000, 127200000)]
DEBUG: board_modifier.py:504: Could not add track segment due to detected collision
INFO: board_modifier.py:494: Adding track segment (F.Cu): [(245980000, 127200000), (256130000, 137350000)]
DEBUG: board_modifier.py:504: Could not add track segment due to detected collision
DEBUG: key_placer.py:979: Routing X13 pads
DEBUG: board_modifier.py:578: Routing at F.Cu layer
DEBUG: board_modifier.py:595: Netclass: Default, track width: 200000
DEBUG: board_modifier.py:658: Routing pad 'J1:5' at (235820000, 123590000) with pad 'J5:5' at (235820000, 127200000) using coordinate system rotated by 0 degree(s)
INFO: board_modifier.py:494: Adding track segment (F.Cu): [(235820000, 123590000), (235820000, 127200000)]
INFO: board_modifier.py:499: Track added
DEBUG: board_modifier.py:578: Routing at F.Cu layer
DEBUG: board_modifier.py:595: Netclass: Default, track width: 200000
DEBUG: board_modifier.py:658: Routing pad 'D42:1' at (305117500, 80200000) with pad 'D28:1' at (300355000, 61150000) using coordinate system rotated by 0 degree(s)
INFO: board_modifier.py:494: Adding track segment (F.Cu): [(305117500, 80200000), (305117500, 65912500)]
DEBUG: board_modifier.py:504: Could not add track segment due to detected collision
INFO: board_modifier.py:494: Adding track segment (F.Cu): [(305117500, 80200000), (300355000, 75437500)]
DEBUG: board_modifier.py:504: Could not add track segment due to detected collision
DEBUG: board_modifier.py:578: Routing at F.Cu layer
DEBUG: board_modifier.py:595: Netclass: Default, track width: 200000
DEBUG: board_modifier.py:658: Routing pad 'J1:5' at (235820000, 123590000) with pad 'D42:1' at (305117500, 80200000) using coordinate system rotated by 0 degree(s)
INFO: board_modifier.py:494: Adding track segment (F.Cu): [(235820000, 123590000), (261727500, 123590000)]
DEBUG: board_modifier.py:504: Could not add track segment due to detected collision
INFO: board_modifier.py:494: Adding track segment (F.Cu): [(235820000, 123590000), (279210000, 80200000)]
DEBUG: board_modifier.py:504: Could not add track segment due to detected collision
DEBUG: board_modifier.py:578: Routing at F.Cu layer
DEBUG: board_modifier.py:595: Netclass: Default, track width: 200000
DEBUG: board_modifier.py:658: Routing pad 'D28:1' at (300355000, 61150000) with pad 'D14:1' at (309880000, 42100000) using coordinate system rotated by 0 degree(s)
INFO: board_modifier.py:494: Adding track segment (F.Cu): [(300355000, 61150000), (300355000, 51625000)]
DEBUG: board_modifier.py:504: Could not add track segment due to detected collision
INFO: board_modifier.py:494: Adding track segment (F.Cu): [(300355000, 61150000), (309880000, 51625000)]
INFO: board_modifier.py:499: Track added
INFO: board_modifier.py:494: Adding track segment (F.Cu): [(309880000, 51625000), (309880000, 42100000)]
INFO: board_modifier.py:499: Track added
INFO: key_placer.py:517: Removing dangling tracks
INFO: key_placer.py:532: Removing 4a43afcc-8d99-4b5c-b463-202a489f3819
INFO: key_placer.py:532: Removing e1cd4ffe-c00b-4961-a67f-6acc5738e74f
INFO: key_placer.py:532: Removing b4e5b148-a323-40b0-81c5-f6e172615697
INFO: key_placer.py:532: Removing ac4344e4-c84c-40a2-902d-e8fcc20d2076
INFO: key_placer.py:532: Removing 0afd4f7c-fc19-4dbe-b5d3-e762d20e215c
INFO: key_placer.py:532: Removing e78ffaa9-64ef-43ac-bafc-32114f53331b
INFO: key_placer.py:532: Removing 4bf76110-f75b-481b-85e0-817931c00963
INFO: key_placer.py:532: Removing 2b770857-c2c0-4c02-b471-a99b6256d1f9
INFO: key_placer.py:532: Removing 2a294234-744a-46f8-88d5-1058b819b8d4
INFO: key_placer.py:532: Removing 8653d921-ef65-47e2-9fb6-f3fc593b5750
INFO: key_placer.py:532: Removing d03a31e1-795d-4e23-a5bf-68f07e7025cb
INFO: key_placer.py:532: Removing cf4276d4-2ae1-4b89-982d-9e0df428b63f
INFO: key_placer.py:532: Removing de84ac98-c8a4-427e-9897-f337378bfd4e
INFO: key_placer.py:532: Removing ae87f1a5-e1b8-40b9-90ea-0242d996041a
INFO: key_placer.py:532: Removing e9dc8c4b-617e-4635-b664-3351319726b5
INFO: key_placer.py:532: Removing 65e91e6b-860e-4ef0-a4f1-eb518607d598
INFO: key_placer.py:532: Removing f3e37723-30ae-48c5-a3fb-8a86ae2451b4
INFO: key_placer.py:532: Removing 336883b8-eba9-4157-941a-f6a4a404b3bc
INFO: key_placer.py:532: Removing 7004c259-3b62-496f-b9f5-fa355853eac8
INFO: key_placer.py:532: Removing 251b779c-2d4b-4f15-968a-21cbdc362883
INFO: key_placer.py:532: Removing f891b6a1-e445-4e5e-b301-c43811af8bc1
INFO: key_placer.py:532: Removing 67db4e96-ba74-4f73-8402-78c9db610020
INFO: key_placer.py:532: Removing 1c674b07-afaf-496a-b11b-693f15a90a3f
INFO: key_placer.py:532: Removing f7d39d3c-e58f-4ba2-943d-f236ddc899c4
INFO: key_placer.py:532: Removing ef057fd8-0de6-4e4c-97ab-8fabe483d7b1
INFO: key_placer.py:532: Removing a97ce646-9d92-4fec-af8e-1b4e717c0cca
INFO: key_placer.py:532: Removing d54af510-0e7e-4486-b8af-afd689a46cb9
INFO: key_placer.py:532: Removing 030e19a2-c7d8-4867-a43a-05b82bd5998d
INFO: key_placer.py:532: Removing 5e4b8943-d9b9-4879-8d73-d2d7480cdf9c
INFO: key_placer.py:532: Removing 689d90ad-90b9-4023-8b60-a3ad8d1fc14b
INFO: key_placer.py:532: Removing 4449506e-885a-46ef-847f-e62a453d9093
INFO: key_placer.py:532: Removing d2277c0e-370c-4ced-a76c-febdbfc2bf88
INFO: key_placer.py:532: Removing d9c51e52-c536-42e0-a5bd-5a8a51ee7ce0
INFO: key_placer.py:532: Removing ec65c3e2-dfd6-4e73-adda-2aac0917b900
INFO: key_placer.py:532: Removing 33d69366-d474-48d4-b535-89b747248fb6
INFO: key_placer.py:532: Removing 74e568d7-bbb4-4ebd-8b14-81f786df7c59
INFO: key_placer.py:532: Removing 2dc504b1-0f63-44bb-a6bf-c13f478690be
INFO: key_placer.py:532: Removing 87e88c96-f18e-4901-abae-5531a5606ff2
INFO: key_placer.py:532: Removing d987e6ab-a80f-4c17-b744-c94dfeb3257f
INFO: key_placer.py:532: Removing 92fb4cb7-2312-4442-a58b-d962b5e3a79a
INFO: key_placer.py:532: Removing e45c8b73-5fa3-43b0-adc7-c886ee8e4606
INFO: key_placer.py:532: Removing 43ebc8fb-9414-42b9-b4e5-664dae5af60a
INFO: key_placer.py:532: Removing 00eea063-6e45-42d7-9217-ca12a5b33204
INFO: key_placer.py:532: Removing 4d8eeb81-f399-4d80-bec6-d06647cb7a21
INFO: key_placer.py:532: Removing fc2c0df8-f156-4df9-b14f-128245f7afdf
INFO: key_placer.py:532: Removing 90d2d6a7-5f27-47f7-babc-97c78e5f4598
INFO: key_placer.py:532: Removing f2408aaa-9f62-422e-a387-2e2ac38269d8
INFO: key_placer.py:532: Removing 121b7012-5518-4725-912f-76b15d3f7cf6
INFO: key_placer.py:532: Removing d571f4a4-112f-4b02-a726-59d393a0a990
INFO: key_placer.py:532: Removing 709a0ddf-225c-40b8-a391-38bfe7777726
INFO: key_placer.py:532: Removing 9ad3e81d-7f2b-45a2-b759-7859d4c12f0d
INFO: key_placer.py:532: Removing 99bf30df-b3a4-4eea-9124-dd13332cb535
INFO: key_placer.py:532: Removing fb49a6dd-623a-47e6-ac51-2e502f3c678a
INFO: key_placer.py:532: Removing ff1fceca-714b-40a9-854e-2a2e765302fe
INFO: key_placer.py:532: Removing c95d3e68-1d3d-4724-b056-b854b246af71
INFO: key_placer.py:532: Removing 75d549d6-a718-404f-a657-fdf1cf1ed935
INFO: key_placer.py:532: Removing b5b9125b-c3c6-4bcc-8768-a1bc86170a09
INFO: key_placer.py:532: Removing 02391a39-87d3-4b25-b90c-af4b3d88989f
INFO: key_placer.py:532: Removing 97b16951-991c-4cd1-82fd-b84ec3297f55
INFO: key_placer.py:532: Removing 79bfee80-4313-4bac-99d1-e8ef0c875916
INFO: key_placer.py:532: Removing 9b41fad4-91ce-4612-90a3-d8d053f21685
INFO: key_placer.py:532: Removing e89788ee-a0b7-442d-8f34-c6ad71cf6e49
INFO: key_placer.py:532: Removing 7582e301-44cb-4a15-8c11-8815afe7cf77
INFO: key_placer.py:532: Removing 20652260-0db2-490d-b934-ed01d98c20d0
INFO: key_placer.py:532: Removing be5ecbbf-da03-44fe-9c10-7698ab94cbee
INFO: key_placer.py:532: Removing fca5e0b2-fb1d-4f62-9f3e-05537fd5f545
INFO: key_placer.py:532: Removing a6b2ec31-92cb-4c16-8bd6-5990c1f87b67
INFO: key_placer.py:532: Removing 59c7bfdd-1c5f-4fe3-b96b-335fb44d2e09
INFO: key_placer.py:532: Removing 142eda5a-dd03-4f8c-937a-6f5e8bab0dd2
INFO: key_placer.py:532: Removing 8832edd0-c3e4-4115-83db-73f86723151a
INFO: key_placer.py:532: Removing 142476bd-aba2-4b02-92f7-14b0461c4de1
INFO: key_placer.py:532: Removing 74fe4e31-523c-4896-b9e4-16656f27f6bf
INFO: key_placer.py:532: Removing 17dae094-5ac5-4923-96da-053c1091cbfb
INFO: key_placer.py:532: Removing 583ce33e-c85b-45be-b91f-5f2869f59ae6
INFO: key_placer.py:532: Removing d0627ad0-bc29-4265-ba8f-d9080f3028f1
INFO: key_placer.py:532: Removing 4b4e35f7-713a-4c17-bd3f-bbf26979a6f6
INFO: key_placer.py:532: Removing 46190ccc-6839-4978-b690-807f3ccaa009
INFO: key_placer.py:532: Removing 07c96dd0-18ed-4948-bc5a-4d9a1dc0cc28
INFO: key_placer.py:532: Removing 12bd4d89-befa-4fb1-b1a4-145b1fea153e
INFO: key_placer.py:532: Removing f2f14d21-4a82-499b-a927-3fa4a8ec5805
INFO: key_placer.py:532: Removing 01fa1b49-054d-4806-a982-9b87b9b42d5a
INFO: key_placer.py:532: Removing 7ccfc29d-0502-455f-aed3-47f310a78f40
INFO: key_placer.py:532: Removing 8cfec05c-d547-423f-9eda-59a746d219cb
INFO: key_placer.py:532: Removing 32039cd5-1bc6-436b-805f-9d45617cbb0d
INFO: key_placer.py:532: Removing 96289ef4-c9ac-4902-8d62-0cd7e042400d
INFO: key_placer.py:532: Removing c825770d-0013-4da1-a866-3fed93c7b9f6
INFO: key_placer.py:532: Removing 66d19e46-978d-4961-8789-4ebae9eea472
INFO: key_placer.py:532: Removing a7ce7fab-d42f-47f0-8fc2-135b41f6f964
INFO: key_placer.py:532: Removing 81db7bcd-fb0f-4ad2-bc00-6eb4e2b464a6
INFO: key_placer.py:532: Removing 1699c5ef-9d5e-4a07-ac03-702435295b40
INFO: key_placer.py:532: Removing 20d36d4c-261f-4b9a-ac8a-cc9f3165af43
INFO: key_placer.py:532: Removing 39ff8734-13cc-47d1-9d94-24c1ecb3de7e
INFO: key_placer.py:532: Removing 6af4ca98-27b3-485d-8b19-2f5d6d2ac732
INFO: key_placer.py:532: Removing 78f24820-ed19-4c70-9dac-19e023aa88ce
INFO: key_placer.py:532: Removing 13d5d82f-4bb8-4530-8496-c0983f0374d9
INFO: key_placer.py:532: Removing dedac9b1-b746-4fdf-98cb-450e14825313
INFO: key_placer.py:532: Removing a5338711-a026-4f9a-ba88-f8a433be9558
INFO: key_placer.py:532: Removing 6c043f5c-f9f0-49df-866f-a21271898cbc
INFO: key_placer.py:532: Removing d7454425-66e1-46f7-aeea-24008bc4db3f
INFO: key_placer.py:532: Removing 341df676-0f3d-4f49-95cd-281351cf07f5
INFO: key_placer.py:532: Removing d5063b23-724a-4723-98ef-f63f7ee7366e
INFO: key_placer.py:532: Removing 013fd8ce-fdda-4005-bec7-8769b00f177f
INFO: key_placer.py:532: Removing 356ab5bf-0f9f-4a33-9f99-6fca8c2840bb
INFO: key_placer.py:532: Removing cee4a3fe-b372-4736-82ce-e74fcd2b82e5
INFO: key_placer.py:532: Removing 6200f9d4-e951-44f2-9ff8-1777be99f48a
INFO: key_placer.py:532: Removing 7618f3ad-b35a-4ad7-807d-c10efa975d10
INFO: key_placer.py:532: Removing f5980bf4-20a0-46be-bb84-42a31f3e7328
INFO: key_placer.py:532: Removing 167fa862-9f52-4a74-a041-29f17de076ab
INFO: key_placer.py:532: Removing 1eef8129-a840-4da6-b065-7474f515cf66
INFO: key_placer.py:532: Removing d9084061-766a-47b2-aca1-07186f2a5fb0
INFO: key_placer.py:532: Removing 470ad619-8e14-43e9-9298-d85d9ddebb19
INFO: key_placer.py:532: Removing d57ef199-6c7d-4ecd-ab2b-f0028738d6aa
INFO: key_placer.py:532: Removing e9b9fed5-b27b-4671-a56a-9a73f732a0b4
INFO: key_placer.py:532: Removing 5e6b5ab2-6333-4284-9441-61f283f93855
INFO: key_placer.py:532: Removing 1060557c-78b3-4b7f-b67a-3bc2d4ff1a2f
INFO: key_placer.py:532: Removing e2e64a81-f412-4163-a32b-ba03ba646980
